cluster,n_cells,share,lin1,s1,lin2,s2,lin3,s3,margin12,margin23,other_family,s_other,margin_xfam,frac_cells_other_dominant,other_frac_adjacent,other_score_adj,other_score_nonadj,cycling,median_depth,sublineages,top_genes,other_adj_ratio,flag_margin,flag_bimodal,flag_spillover,mixed,score_Epithelial/tumour,score_Mesothelial,score_Lung epithelium (NKX2-1),score_AT2,score_AT1,score_Ciliated,score_Basal,score_Mucous/goblet,score_Neuroendocrine,score_Endothelial,score_Lymphatic EC,score_Fibroblast,score_Smooth muscle,score_Pericyte,score_T cell,score_NK,score_B cell,score_Plasma,score_Macrophage,score_Mast,score_Neutrophil,score_Dendritic
Cluster-1,23362,0.084,T cell,3.61,B cell,1.14,AT1,0.86,2.47,0.28,AT1,0.86,2.75,0.08,0.283,0.295,0.295,0.0185,247.0,,CTLA4 ZAP70 CD3E CD2 CCR4 TIGIT CD8A CD96 CD5 SH2D1A LCK ITK,1.0,False,False,False,False,0.0,0.0,0.0,0.11,0.861,0.012,0.061,0.196,0.039,0.018,0.106,0.094,0.015,0.0,3.606,0.521,1.139,0.544,0.491,0.026,0.145,0.129
Cluster-2,21479,0.0772,Macrophage,3.26,Neutrophil,1.68,T cell,1.07,1.58,0.61,T cell,1.07,2.19,0.089,0.666,0.324,0.15,0.0133,237.0,Mac interstitial:2.91 Mac alveolar:2.37,STAB1 CSF1R MRC1 F13A1 FCGR2A C5AR1 LILRB5 SLCO2B1 CD163 CD14 CLEC10A NLRP3,2.16,False,False,True,False,0.008,0.02,0.034,0.182,0.632,0.0,0.017,0.066,0.002,0.767,0.05,0.406,0.301,0.044,1.072,0.031,0.495,0.479,3.264,0.237,1.684,0.657
Cluster-3,20603,0.0741,Endothelial,3.32,AT1,2.7,Lymphatic EC,1.13,0.62,1.57,AT1,2.7,0.62,0.288,0.806,1.319,0.569,0.0068,154.0,EC capillary:2.71 EC aerocyte:1.62 EC venous:1.33,CLDN5 VIPR1 SLC6A4 TMEM100 CA4 CDH5 FAM107A FENDRR ARC CX3CL1 ROBO4 IL6,2.32,True,False,True,True,0.065,0.126,0.574,0.146,2.698,0.45,0.001,0.0,0.0,3.316,1.125,0.163,0.418,0.759,0.0,0.008,0.0,0.0,0.0,0.0,0.01,0.0
Cluster-4,17335,0.0623,Fibroblast,2.32,Smooth muscle,0.84,Plasma,0.66,1.48,0.18,Plasma,0.66,1.66,0.045,0.731,0.161,0.026,0.0101,263.0,Fib CAF/myo (state):2.58 Fib adventitial:2.08 Fib alveolar:1.46,COMP COL10A1 THBS2 COL5A1 SFRP4 PI16 COL5A2 LTBP2 POSTN CCDC80 AEBP1 SULF1,6.19,False,False,True,False,0.0,0.023,0.0,0.0,0.0,0.024,0.048,0.017,0.087,0.222,0.043,2.321,0.841,0.633,0.345,0.052,0.411,0.659,0.62,0.366,0.115,0.051
Cluster-5,16446,0.0591,Smooth muscle,3.35,Pericyte,2.5,Fibroblast,0.39,0.85,2.1,NK,0.18,3.16,0.008,0.216,0.039,0.028,0.0084,175.0,SM vascular:3.28 SM airway:2.56 Pericyte:2.05,PLN KCNMA1 LDB3 SYNPO2 KCNA5 CASQ2 JPH2 S1PR3 LGR6 FLNC SMTN CSPG4,1.39,False,False,False,False,0.0,0.002,0.0,0.088,0.0,0.153,0.0,0.048,0.013,0.0,0.0,0.394,3.346,2.496,0.0,0.184,0.0,0.0,0.0,0.025,0.0,0.0
Cluster-6,15040,0.0541,Neutrophil,1.5,Mast,0.91,AT1,0.88,0.59,0.03,AT1,0.88,0.62,0.043,0.468,0.245,0.053,0.005,23.0,Mac alveolar:0.37 Mac interstitial:0.27,CXCR1 MXD1 CSF3R SOX2-OT BCL2A1 FPR1 MGAM OSM CXCR2 FCAR AQP9 LILRB3,4.62,False,False,False,False,0.0,0.054,0.0,0.0,0.88,0.018,0.042,0.116,0.118,0.331,0.096,0.083,0.087,0.038,0.273,0.11,0.443,0.415,0.267,0.913,1.503,0.112
Cluster-7,14845,0.0534,T cell,2.97,AT1,1.46,NK,0.83,1.51,0.63,AT1,1.46,1.51,0.11,0.414,0.621,0.157,0.0119,95.0,,FGFBP2 GZMH CD247 CST7 S1PR5 CD3E CD8A GZMB SH2D2A PRF1 GZMA CD5,3.96,False,False,False,False,0.0,0.035,0.0,0.051,1.46,0.001,0.0,0.011,0.015,0.724,0.249,0.066,0.0,0.06,2.969,0.831,0.597,0.303,0.078,0.144,0.107,0.053
Cluster-8,13538,0.0487,Epithelial/tumour,3.88,Lung epithelium (NKX2-1),3.24,AT2,2.13,0.64,1.11,Neutrophil,0.12,3.76,0.001,0.336,0.106,0.095,0.017,1142.0,,HHLA2 NMU HS6ST2 LAPTM4B EPDR1 CLPTM1L EPCAM VSTM2L CDH1 TMPRSS11E LPCAT1 FOLR1,1.12,False,False,False,False,3.879,0.0,3.238,2.127,0.0,0.617,0.886,0.013,0.0,0.0,0.0,0.015,0.0,0.0,0.0,0.0,0.011,0.0,0.0,0.036,0.123,0.0
Cluster-9,11741,0.0422,Lung epithelium (NKX2-1),3.78,Epithelial/tumour,3.7,AT2,2.02,0.08,1.68,Neutrophil,0.42,3.35,0.002,0.319,0.225,0.226,0.0139,1391.0,,ABCC3 PABPC1L IGSF9B ABCC6 SLC6A3 AQP7 FMO5 NELL1 NKX2-1 HSF4 BTBD9 HNF1B,1.0,False,False,False,False,3.697,0.003,3.776,2.016,0.0,0.732,1.001,0.0,0.001,0.0,0.0,0.016,0.0,0.0,0.0,0.0,0.072,0.0,0.0,0.101,0.422,0.0
Cluster-10,10985,0.0395,AT1,2.53,Fibroblast,1.54,Endothelial,0.95,0.99,0.6,Fibroblast,1.54,0.99,0.451,0.395,0.83,0.781,0.0088,272.0,,VEGFD FGFR4 ADRA1A SLIT2 GRIA1 CCN1 THBS1 FRAS1 CCBE1 SVEP1 TNXB PTGIR,1.06,True,True,False,True,0.047,0.148,0.528,0.172,2.529,0.223,0.0,0.0,0.023,0.947,0.173,1.542,0.757,0.647,0.0,0.156,0.0,0.045,0.208,0.149,0.0,0.001
Cluster-11,10263,0.0369,Epithelial/tumour,3.84,Lung epithelium (NKX2-1),3.56,AT2,2.14,0.28,1.43,Neutrophil,0.3,3.54,0.001,0.338,0.214,0.187,0.0163,1741.0,,HHLA2 NMU HS6ST2 VSTM2L LPCAT1 ABCC3 CDH1 LAPTM4B MUC1 EPCAM CLPTM1L EPDR1,1.14,False,False,False,False,3.845,0.0,3.562,2.136,0.0,0.696,0.944,0.012,0.0,0.0,0.0,0.024,0.0,0.0,0.0,0.0,0.047,0.0,0.0,0.079,0.301,0.0
Cluster-12,9409,0.0338,B cell,4.4,Plasma,1.81,T cell,1.34,2.58,0.48,Dendritic,0.7,3.7,0.026,0.464,0.104,0.096,0.0155,220.0,,MS4A1 TNFRSF13C CD19 BLK BANK1 CD22 FCRL1 PAX5 AIM2 CD79A CD79B TNFRSF13B,1.08,False,False,False,False,0.0,0.023,0.0,0.188,0.004,0.006,0.122,0.181,0.047,0.103,0.023,0.106,0.034,0.0,1.335,0.055,4.396,1.812,0.454,0.223,0.024,0.697
Cluster-13,8602,0.0309,Endothelial,3.87,Lymphatic EC,2.11,Pericyte,1.53,1.75,0.58,Pericyte,1.53,2.34,0.044,0.744,0.511,0.447,0.0116,306.0,EC venous:3.14 Lymphatic:1.74 EC arterial:1.43,PLVAP CCL14 SELP SOX18 CLEC14A SHANK3 ADGRL4 MMRN2 FLT4 EGFL7 PDE2A TIE1,1.14,False,False,False,False,0.0,0.0,0.0,0.058,0.008,0.146,0.029,0.109,0.037,3.868,2.114,0.311,0.57,1.53,0.107,0.027,0.207,0.189,0.2,0.11,0.023,0.029
Cluster-14,8426,0.0303,Epithelial/tumour,3.25,Lung epithelium (NKX2-1),2.84,AT2,1.78,0.41,1.05,T cell,0.67,2.58,0.03,0.409,0.251,0.151,0.0167,331.0,,MACC1 EPCAM NQO1 LPCAT1 FABP3 HHLA2 LAPTM4B NMU CDH1 TMEM45B CLPTM1L MAL2,1.66,False,False,False,False,3.248,0.011,2.835,1.785,0.0,0.493,0.723,0.054,0.0,0.102,0.0,0.197,0.091,0.004,0.671,0.02,0.099,0.0,0.534,0.0,0.428,0.218
Cluster-15,8300,0.0298,Plasma,4.42,B cell,2.37,Endothelial,0.68,2.05,1.69,Endothelial,0.68,3.74,0.029,0.3,0.399,0.374,0.0106,227.0,,MZB1 DERL3 SLAMF7 POU2AF1 FCRL5 TNFRSF17 PDK1 TENT5C CD79A PIM2 XBP1 CD38,1.07,False,False,False,False,0.034,0.009,0.0,0.0,0.0,0.0,0.02,0.29,0.079,0.682,0.011,0.619,0.072,0.045,0.432,0.143,2.372,4.425,0.59,0.149,0.108,0.039
Cluster-16,7591,0.0273,Macrophage,3.84,Neutrophil,2.45,Endothelial,0.59,1.39,1.86,Endothelial,0.59,3.25,0.003,0.243,0.568,0.417,0.017,787.0,Mac alveolar:4.35 Mac interstitial:2.28,MARCO MMP12 CHIT1 CD68 MSR1 TREM2 CTSL OLR1 CCL18 IL1RN SIGLEC1 LIPA,1.36,False,False,False,False,0.0,0.0,0.0,0.0,0.0,0.0,0.0,0.0,0.0,0.586,0.0,0.01,0.368,0.0,0.017,0.0,0.003,0.0,3.837,0.0,2.448,0.106
Cluster-17,7500,0.027,Fibroblast,1.52,AT1,0.7,Pericyte,0.67,0.82,0.03,AT1,0.7,0.82,0.057,0.472,0.281,0.053,0.0066,71.0,Fib adventitial:1.48 Fib alveolar:1.44 Fib CAF/myo (state):1.10,PI16 PDGFRA CCDC80 LTBP2 TCF21 SERPINA3 SFRP4 DPT NBL1 CCN5 NPY1R SVEP1,5.3,False,False,False,False,0.0,0.037,0.0,0.0,0.699,0.081,0.027,0.0,0.071,0.162,0.073,1.519,0.658,0.673,0.174,0.096,0.182,0.315,0.148,0.623,0.032,0.015
Cluster-18,6310,0.0227,AT1,4.74,Lung epithelium (NKX2-1),3.43,Epithelial/tumour,2.26,1.31,1.17,Endothelial,0.95,3.8,0.015,0.898,0.327,0.25,0.0069,284.0,,LAMA3 CLDN18 TENT5B EMP2 AGER RTKN2 AQP4 NDNF ADRB2 SLC39A8 ANXA3 VEGFA,1.31,False,False,False,False,2.264,0.701,3.433,1.275,4.745,0.279,0.0,0.0,0.02,0.946,0.12,0.215,0.04,0.127,0.0,0.006,0.065,0.0,0.0,0.0,0.276,0.0
Cluster-19,6177,0.0222,Mucous/goblet,3.92,Ciliated,2.81,Epithelial/tumour,2.17,1.11,0.63,T cell,0.62,3.29,0.068,0.292,0.3,0.12,0.0137,359.0,,MUC5B TP63 MUC5AC SCNN1G TMEM45A CLDN1 ALOX15 PTPRZ1 CXCL6 CYP24A1 SOX2 TEKT1,2.5,False,False,False,False,2.174,0.018,1.717,0.083,0.0,2.807,1.949,3.915,1.099,0.0,0.153,0.0,0.0,0.075,0.624,0.093,0.0,0.0,0.072,0.152,0.083,0.082
Cluster-20,6081,0.0219,AT2,3.63,Lung epithelium (NKX2-1),3.43,Epithelial/tumour,2.76,0.2,0.67,Neutrophil,1.52,2.11,0.058,0.564,0.696,0.656,0.0097,291.0,,ALPL ABCA3 LAMP3 CXCL2 LRRK2 CRTAC1 PEBP4 ITGB6 KCNJ15 CSF3 SDC4 SNX30,1.06,False,False,False,False,2.762,0.172,3.428,3.631,2.236,0.629,0.022,0.0,0.001,0.433,0.017,0.061,0.036,0.421,0.0,0.0,0.038,0.001,0.0,0.209,1.517,0.007
Cluster-21,5711,0.0205,T cell,2.88,Fibroblast,1.44,B cell,0.84,1.44,0.61,Fibroblast,1.44,1.44,0.236,0.659,0.592,0.504,0.0154,244.0,,CCL19 THY1 TMEM119 COL10A1 SULF1 CCDC80 CCR4 CD3E THBS2 CD2 CTSK FOXP3,1.17,False,False,False,False,0.0,0.013,0.0,0.0,0.776,0.0,0.033,0.044,0.023,0.066,0.0,1.444,0.406,0.322,2.884,0.27,0.839,0.481,0.496,0.093,0.072,0.097
Cluster-22,5703,0.0205,Endothelial,3.78,AT1,1.75,Lymphatic EC,1.05,2.03,0.7,AT1,1.75,2.03,0.111,0.806,0.807,0.409,0.0065,239.0,EC capillary:3.20 EC venous:2.13 EC arterial:1.55,SLC6A4 IL6 LRRC32 NOTCH4 VIPR1 FAM107A STC2 TEK CLDN5 TMEM100 FENDRR CALCRL,1.97,False,False,True,False,0.0,0.046,0.0,0.0,1.747,0.383,0.002,0.0,0.0,3.782,1.05,0.003,0.242,0.709,0.0,0.0,0.0,0.0,0.0,0.01,0.0,0.0
Cluster-23,4303,0.0155,AT1,3.76,Lung epithelium (NKX2-1),2.42,AT2,1.92,1.34,0.5,Endothelial,0.97,2.79,0.059,0.827,0.241,0.189,0.0068,93.0,,CLDN18 AGER PEBP4 AQP4 CXCL2 RTKN2 SLC39A8 ALPL NDNF EMP2 ANXA3 ANXA8,1.28,False,False,False,False,1.703,0.366,2.419,1.92,3.759,0.341,0.0,0.045,0.002,0.968,0.102,0.191,0.147,0.417,0.022,0.057,0.014,0.0,0.001,0.154,0.695,0.009
Cluster-24,4161,0.015,Pericyte,2.97,Endothelial,2.12,Smooth muscle,1.65,0.85,0.46,Endothelial,2.12,0.85,0.29,0.798,0.769,0.516,0.0092,211.0,Pericyte:2.56 SM vascular:1.57 Fib alveolar:0.81,NOTCH3 ADAMTS4 CACNA1H KCNK3 CDH6 PDGFRB TRPC6 EGFL6 CSPG4 GJC1 LZTS1 RGS5,1.49,True,False,False,True,0.0,0.025,0.0,0.0,0.705,0.54,0.0,0.0,0.14,2.115,0.498,0.838,1.653,2.968,0.0,0.134,0.08,0.063,0.033,0.0,0.0,0.011
Cluster-25,3125,0.0112,Endothelial,2.73,AT1,1.54,Lymphatic EC,1.16,1.19,0.38,AT1,1.54,1.19,0.117,0.655,0.461,0.146,0.0046,50.0,EC capillary:1.71 EC venous:1.20 Lymphatic:0.92,CLDN5 FLT4 EPAS1 TMEM100 CAVIN2 FAM107A PECAM1 CCL14 ERG KDR SH2D3C EGFL7,3.16,False,False,True,False,0.0,0.051,0.0,0.0,1.541,0.264,0.0,0.0,0.012,2.731,1.164,0.043,0.221,0.862,0.0,0.027,0.006,0.001,0.06,0.0,0.497,0.0
Cluster-26,2820,0.0101,Ciliated,4.59,Mucous/goblet,3.99,Epithelial/tumour,2.44,0.6,1.55,Smooth muscle,0.01,4.59,0.002,0.008,0.159,0.132,0.0126,622.5,,DLEC1 ALOX15 DNAI1 CFAP43 MAPK15 DNAH9 CFAP46 TEKT1 DNAH2 ZMYND10 DNAH10 SPAG6,1.2,False,False,False,False,2.445,0.0,0.63,0.149,0.0,4.593,0.169,3.992,0.19,0.0,0.0,0.0,0.007,0.0,0.0,0.0,0.0,0.0,0.0,0.0,0.0,0.0
Cluster-27,2404,0.0086,Mast,5.21,Mesothelial,0.66,AT1,0.56,4.55,0.1,Mesothelial,0.66,4.55,0.0,0.0,,0.167,0.0113,192.0,Mac interstitial:0.91 Mac alveolar:0.12,HDC KIT SLC18A2 MS4A2 SIGLEC6 CTSG GATA2 IL1RL1 ADCYAP1 PTGS1 HPGDS LIF,,False,False,False,False,0.0,0.66,0.0,0.081,0.556,0.0,0.0,0.135,0.067,0.088,0.013,0.39,0.271,0.048,0.138,0.072,0.323,0.326,0.521,5.215,0.245,0.158
Cluster-28,2179,0.0078,Ciliated,4.36,Mucous/goblet,4.24,Epithelial/tumour,2.53,0.12,1.71,Mesothelial,0.02,4.34,0.0,0.0,,0.006,0.0126,447.0,,ALOX15 TEKT1 ZMYND10 MUC5B TPPP3 DNAH9 SPAG6 FOXJ1 SPATA18 SLC22A4 CFAP43 DRC1,,False,False,False,False,2.528,0.018,0.82,0.127,0.0,4.357,0.387,4.242,0.313,0.0,0.005,0.0,0.0,0.012,0.0,0.0,0.0,0.001,0.0,0.0,0.0,0.0
Cluster-29,1678,0.006,Epithelial/tumour,3.63,Lung epithelium (NKX2-1),2.92,AT2,1.99,0.71,0.93,Fibroblast,0.07,3.56,0.0,0.205,0.124,0.066,0.108,1730.0,,TOP2A* CCNB1 CDC20* TK1 BIRC5* KIF20A MYBL2 TPX2* FOXM1 RRM2* NMU CENPF*,1.88,False,False,False,False,3.629,0.003,2.922,1.992,0.237,0.84,0.683,0.0,0.0,0.0,0.0,0.07,0.0,0.0,0.04,0.0,0.02,0.0,0.0,0.056,0.033,0.002
Cluster-30,858,0.0031,T cell,3.56,Epithelial/tumour,2.69,Lung epithelium (NKX2-1),2.17,0.87,0.52,Epithelial/tumour,2.69,0.87,0.416,0.988,1.708,1.388,0.0255,375.0,,ITGAE CD8A GZMB TNFRSF9 GZMA CXCL13 KLRK1 LAG3 CD2 IL2RB CD7 CD3G,1.23,True,True,False,True,2.693,0.031,2.17,1.216,0.056,0.417,0.463,0.054,0.01,0.0,0.0,0.069,0.0,0.0,3.562,0.346,0.455,0.161,0.129,0.0,0.181,0.087
Cluster-31,656,0.0024,Neuroendocrine,4.47,Lymphatic EC,2.83,Mucous/goblet,2.74,1.64,0.09,Lymphatic EC,2.83,1.64,0.107,0.014,1.108,1.448,0.014,471.0,,GRP DLK1 SCGN ASCL1 RPRM SCG2 SLC6A5 MEG3 TPH1 SCG5 DDC PEG10,0.77,False,False,False,False,2.1,0.025,2.211,0.313,0.0,0.661,0.2,2.738,4.471,0.249,2.828,0.0,0.0,0.0,0.02,0.865,0.025,0.022,0.0,0.002,0.0,0.0
Cluster-32,511,0.0018,T cell,3.91,B cell,0.6,Plasma,0.55,3.31,0.05,AT1,0.26,3.65,0.016,0.493,0.169,0.227,0.1545,513.0,,TYMS* MKI67* RRM2* TOP2A* AURKB* BIRC5* CDC20* TPX2* MYBL2 ASPM CCNA2 NUSAP1*,0.74,False,False,False,False,0.181,0.0,0.0,0.131,0.259,0.051,0.199,0.049,0.002,0.0,0.0,0.073,0.0,0.0,3.912,0.402,0.598,0.547,0.123,0.006,0.0,0.113
