cluster,ABCA3,AGER,APLN,ASCL1,BANK1,CA4,CALB2,CALCA,CASQ2,CCL14,CD163,CD19,CD1C,CD2,CD3E,CD3G,CD68,CD79A,CD8A,CDH1,CDH5,CHIT1,CLDN5,CLEC9A,COL10A1,COL11A1,COL17A1,COL5A1,COL5A2,COMP,CSF1R,CSF3R,CSPG4,CTHRC1,DNAH5,DPT,EDNRB,EPCAM,ESM1,F13A1,F2RL3,FCGR2B,FCGR3B,FGFR4,FLT4,FOLR2,FOXJ1,GJA5,GRP,HDC,HEY1,HPSE2,INMT,KCNA5,KCNJ8,KCNMB1,KDR,KIT,KLRD1,KLRF1,LAMP3,LGR6,LILRA4,LILRB5,LPCAT1,MARCO,MCAM,MFAP5,MRC1,MS4A1,MS4A2,MSLN,MSR1,MUC1,MUC5AC,MUC5B,MYLK,MZB1,NCAM1,NKX2-1,NOTCH3,NPNT,PDGFRA,PECAM1,PGF,PI16,PLN,PLVAP,POSTN,PROX1,RCAN2,RELN,RGS5,RTKN2,SCG2,SELP,SFRP4,SLC6A4,SLCO2B1,SOSTDC1,STAB1,SYNPO2,TCF21,THBS2,TMEM100,TNFRSF17,TP63,TPPP3,UPK3B,VCAM1,VEGFD,VIPR1,WNT2,WT1,n_cells
Cluster-1,0.008,0.014,0.034,0.001,0.054,0.005,0.005,0.003,0.002,0.016,0.04,0.047,0.12,0.966,1.0,0.825,0.047,0.072,0.43,0.024,0.008,0.031,0.005,0.223,0.043,0.08,0.024,0.059,0.034,0.035,0.061,0.012,0.005,0.083,0.002,0.223,0.024,0.019,0.155,0.141,0.007,0.05,0.044,0.014,0.041,0.099,0.007,0.042,0.001,0.004,0.013,0.03,0.038,0.005,0.037,0.02,0.015,0.007,0.68,0.509,0.052,0.054,0.09,0.063,0.054,0.008,0.009,0.118,0.048,0.066,0.005,0.005,0.029,0.023,0.034,0.007,0.04,0.022,0.039,0.024,0.008,0.041,0.055,0.034,0.196,0.054,0.005,0.011,0.061,0.007,0.037,0.05,0.034,0.127,0.001,0.053,0.048,0.002,0.076,0.026,0.049,0.012,0.048,0.042,0.005,0.02,0.022,0.003,0.008,0.261,0.011,0.021,0.054,0.018,23362
Cluster-2,0.006,0.038,0.084,0.001,0.029,0.024,0.014,0.0,0.003,0.028,0.649,0.018,1.0,0.109,0.122,0.075,0.381,0.032,0.045,0.029,0.024,0.253,0.026,1.0,0.105,0.114,0.029,0.112,0.079,0.086,1.0,0.278,0.017,0.142,0.002,0.268,0.068,0.027,0.087,1.0,0.017,0.483,0.386,0.052,0.029,1.0,0.005,0.076,0.001,0.008,0.037,0.044,0.105,0.005,0.058,0.154,0.044,0.012,0.038,0.137,0.057,0.008,0.102,1.0,0.069,0.099,0.015,0.19,0.696,0.02,0.011,0.021,0.386,0.024,0.022,0.005,0.068,0.02,0.023,0.033,0.023,0.096,0.103,0.198,0.146,0.086,0.007,0.019,0.133,0.007,0.035,0.049,0.048,0.03,0.001,0.019,0.117,0.019,0.852,0.064,1.0,0.014,0.116,0.078,0.025,0.017,0.01,0.006,0.019,0.438,0.059,0.022,0.103,0.018,21479
Cluster-3,0.023,0.288,1.0,0.0,0.005,0.694,0.01,0.002,0.015,0.128,0.008,0.0,0.001,0.004,0.007,0.006,0.01,0.001,0.005,0.026,0.629,0.001,0.777,0.092,0.002,0.033,0.002,0.038,0.019,0.002,0.013,0.028,0.054,0.018,0.001,0.161,1.0,0.043,0.893,0.046,0.584,0.015,0.011,0.141,0.49,0.023,0.003,0.543,0.0,0.002,0.325,0.014,0.282,0.008,0.088,0.052,0.652,0.007,0.04,0.07,0.023,0.005,0.003,0.013,0.02,0.003,0.23,0.073,0.018,0.001,0.002,0.11,0.007,0.012,0.003,0.001,0.127,0.0,0.013,0.068,0.056,0.211,0.076,0.743,0.043,0.016,0.012,0.079,0.162,0.017,0.044,0.134,0.144,0.168,0.001,0.224,0.01,0.544,0.14,1.0,0.082,0.031,0.194,0.005,0.661,0.001,0.012,0.058,0.123,0.338,0.152,0.637,0.156,0.055,20603
Cluster-4,0.004,0.003,0.062,0.001,0.012,0.004,0.018,0.003,0.006,0.022,0.046,0.014,0.089,0.036,0.048,0.03,0.056,0.036,0.012,0.016,0.035,0.03,0.006,0.081,1.0,1.0,0.016,1.0,1.0,1.0,0.072,0.013,0.072,1.0,0.002,1.0,0.13,0.02,0.073,0.19,0.01,0.05,0.037,0.172,0.016,0.106,0.006,0.39,0.001,0.011,0.022,0.289,0.303,0.005,0.238,0.054,0.042,0.014,0.027,0.058,0.01,0.014,0.031,0.071,0.045,0.008,0.02,1.0,0.059,0.014,0.016,0.007,0.034,0.022,0.02,0.003,0.305,0.027,0.046,0.017,0.139,0.42,1.0,0.035,1.0,1.0,0.03,0.023,0.883,0.012,0.137,0.124,0.086,0.008,0.009,0.015,1.0,0.001,0.142,0.078,0.068,0.042,0.521,1.0,0.033,0.025,0.021,0.009,0.001,1.0,0.138,0.003,0.421,0.262,17335
Cluster-5,0.016,0.008,0.059,0.001,0.001,0.001,0.008,0.001,1.0,0.011,0.005,0.0,0.003,0.0,0.0,0.002,0.0,0.001,0.0,0.001,0.005,0.002,0.006,0.037,0.005,0.043,0.009,0.179,0.131,0.009,0.006,0.0,1.0,0.048,0.001,0.097,0.89,0.0,0.031,0.013,0.004,0.0,0.003,0.007,0.005,0.014,0.003,0.139,0.001,0.003,0.002,1.0,0.093,1.0,0.399,1.0,0.125,0.003,0.012,0.018,0.0,1.0,0.0,0.015,0.012,0.002,1.0,0.061,0.003,0.001,0.005,0.008,0.002,0.02,0.024,0.004,1.0,0.001,0.114,0.0,0.351,0.511,0.071,0.007,0.203,0.052,1.0,0.001,0.014,0.005,1.0,0.071,0.485,0.002,0.002,0.008,0.09,0.001,0.002,0.014,0.006,1.0,0.072,0.112,0.082,0.001,0.0,0.02,0.004,0.034,0.008,0.006,0.008,0.051,16446
Cluster-6,0.005,0.054,0.127,0.006,0.017,0.03,0.03,0.008,0.009,0.033,0.049,0.024,0.101,0.033,0.036,0.029,0.021,0.024,0.012,0.022,0.012,0.018,0.023,0.275,0.026,0.175,0.038,0.025,0.029,0.018,0.035,0.55,0.021,0.049,0.004,0.169,0.058,0.022,0.127,0.114,0.028,0.035,0.105,0.023,0.041,0.046,0.004,0.049,0.002,0.024,0.034,0.07,0.056,0.018,0.044,0.022,0.039,0.033,0.049,0.293,0.019,0.013,0.058,0.079,0.021,0.011,0.019,0.154,0.045,0.019,0.034,0.009,0.035,0.01,0.016,0.01,0.051,0.017,0.032,0.029,0.018,0.043,0.047,0.073,0.145,0.07,0.011,0.012,0.03,0.004,0.028,0.131,0.035,0.036,0.004,0.02,0.027,0.013,0.054,0.062,0.072,0.025,0.075,0.015,0.022,0.013,0.013,0.005,0.025,0.095,0.021,0.022,0.043,0.376,15040
Cluster-7,0.006,0.071,0.175,0.001,0.024,0.034,0.01,0.002,0.003,0.043,0.018,0.021,0.06,0.53,0.677,0.435,0.025,0.033,0.306,0.02,0.037,0.009,0.043,0.147,0.036,0.029,0.01,0.044,0.024,0.03,0.017,0.009,0.009,0.066,0.002,0.273,0.083,0.015,0.191,0.112,0.029,0.029,0.035,0.04,0.063,0.053,0.002,0.067,0.001,0.006,0.034,0.029,0.088,0.006,0.063,0.013,0.09,0.01,1.0,1.0,0.047,0.032,0.051,0.035,0.038,0.003,0.021,0.109,0.027,0.034,0.009,0.028,0.015,0.013,0.019,0.003,0.058,0.013,0.08,0.022,0.013,0.077,0.057,0.078,0.18,0.043,0.007,0.03,0.057,0.014,0.048,0.087,0.06,0.093,0.001,0.037,0.064,0.029,0.041,0.053,0.028,0.014,0.094,0.019,0.037,0.009,0.01,0.005,0.042,0.153,0.04,0.039,0.059,0.064,14845
Cluster-8,0.171,0.002,0.023,0.0,0.022,0.001,0.001,0.001,0.001,0.002,0.003,0.001,0.027,0.004,0.006,0.013,0.009,0.002,0.004,1.0,0.011,0.003,0.001,0.04,0.021,0.025,0.808,0.01,0.047,0.025,0.007,0.051,0.001,0.081,0.013,0.018,0.005,1.0,0.032,0.009,0.016,0.005,0.004,0.003,0.003,0.009,0.083,0.005,0.0,0.0,0.428,0.0,0.001,0.001,0.006,0.006,0.009,0.012,0.0,0.009,0.098,0.019,0.005,0.004,1.0,0.003,0.003,0.016,0.002,0.001,0.0,0.003,0.006,0.921,0.011,0.004,0.003,0.0,0.001,0.675,0.015,0.054,0.001,0.006,0.003,0.003,0.001,0.002,0.009,0.0,0.064,0.009,0.001,0.001,0.001,0.001,0.029,0.0,0.004,0.006,0.0,0.002,0.002,0.011,0.0,0.001,0.001,0.004,0.004,0.004,0.0,0.018,0.005,0.024,13538
Cluster-9,0.241,0.005,0.028,0.001,0.039,0.002,0.003,0.003,0.002,0.003,0.003,0.001,0.028,0.004,0.004,0.012,0.006,0.002,0.002,0.839,0.01,0.002,0.0,0.06,0.013,0.04,1.0,0.008,0.048,0.021,0.004,0.134,0.002,0.071,0.051,0.013,0.002,0.784,0.042,0.007,0.021,0.006,0.009,0.003,0.004,0.012,0.066,0.01,0.0,0.0,0.316,0.003,0.001,0.003,0.009,0.007,0.016,0.017,0.006,0.037,0.047,0.041,0.008,0.01,0.951,0.007,0.007,0.033,0.002,0.002,0.001,0.006,0.005,0.945,0.013,0.003,0.003,0.0,0.002,1.0,0.021,0.069,0.0,0.003,0.004,0.006,0.001,0.001,0.01,0.0,0.069,0.025,0.001,0.003,0.001,0.002,0.021,0.0,0.005,0.012,0.001,0.001,0.001,0.008,0.001,0.002,0.001,0.006,0.017,0.007,0.003,0.035,0.005,0.029,11741
Cluster-10,0.027,0.262,0.191,0.0,0.004,0.065,0.022,0.003,0.005,0.013,0.027,0.002,0.027,0.006,0.013,0.008,0.027,0.004,0.006,0.026,0.067,0.001,0.084,0.079,0.024,0.019,0.0,0.452,0.302,0.006,0.033,0.024,0.171,0.035,0.001,0.541,0.219,0.04,0.095,0.126,0.06,0.02,0.009,1.0,0.05,0.08,0.003,0.279,0.0,0.007,0.054,0.072,1.0,0.006,0.283,0.016,0.184,0.009,0.032,0.082,0.035,0.011,0.013,0.037,0.029,0.005,0.03,0.131,0.038,0.0,0.008,0.124,0.016,0.023,0.001,0.001,0.406,0.005,0.094,0.065,0.077,1.0,0.827,0.104,0.218,0.097,0.006,0.005,0.021,0.011,0.053,0.078,0.038,0.14,0.004,0.01,0.064,0.084,0.053,0.088,0.049,0.022,1.0,0.09,0.092,0.004,0.007,0.027,0.119,0.095,1.0,0.072,1.0,0.103,10985
Cluster-11,0.221,0.003,0.022,0.0,0.032,0.002,0.002,0.001,0.002,0.002,0.003,0.001,0.02,0.003,0.004,0.01,0.007,0.001,0.001,0.947,0.01,0.003,0.0,0.03,0.015,0.035,0.902,0.008,0.053,0.025,0.004,0.096,0.001,0.074,0.032,0.014,0.002,0.905,0.021,0.006,0.016,0.003,0.009,0.003,0.003,0.01,0.077,0.008,0.0,0.0,0.411,0.005,0.001,0.002,0.007,0.006,0.009,0.015,0.006,0.026,0.074,0.022,0.004,0.005,0.997,0.005,0.004,0.033,0.002,0.001,0.0,0.004,0.005,1.0,0.011,0.004,0.003,0.0,0.001,0.855,0.018,0.067,0.0,0.005,0.002,0.002,0.001,0.0,0.009,0.0,0.067,0.036,0.0,0.001,0.001,0.001,0.025,0.0,0.003,0.011,0.001,0.001,0.002,0.01,0.001,0.002,0.0,0.005,0.009,0.005,0.002,0.032,0.006,0.038,10263
Cluster-12,0.006,0.007,0.013,0.004,1.0,0.0,0.02,0.001,0.004,0.021,0.049,1.0,0.555,0.129,0.207,0.107,0.056,0.769,0.047,0.027,0.008,0.018,0.004,0.398,0.027,0.046,0.01,0.047,0.04,0.024,0.057,0.015,0.007,0.095,0.003,0.334,0.037,0.006,0.05,0.128,0.007,0.275,0.017,0.016,0.022,0.144,0.004,0.036,0.001,0.008,0.011,0.03,0.044,0.011,0.055,0.015,0.01,0.011,0.04,0.205,0.04,0.007,1.0,0.072,0.097,0.005,0.005,0.135,0.03,1.0,0.011,0.005,0.017,0.017,0.042,0.004,0.046,0.112,0.009,0.019,0.007,0.037,0.086,0.049,0.373,0.053,0.004,0.013,0.052,0.008,0.049,0.072,0.036,0.025,0.001,0.028,0.033,0.001,0.075,0.049,0.049,0.019,0.061,0.048,0.005,0.124,0.036,0.001,0.008,0.353,0.007,0.006,0.049,0.143,9409
Cluster-13,0.007,0.009,0.564,0.0,0.009,0.101,0.006,0.002,0.018,1.0,0.014,0.009,0.026,0.02,0.028,0.014,0.021,0.018,0.006,0.014,0.555,0.011,0.388,0.177,0.077,0.047,0.016,0.132,0.123,0.044,0.02,0.02,0.066,0.201,0.001,0.161,0.373,0.016,1.0,0.068,0.335,0.018,0.016,0.022,1.0,0.046,0.004,0.587,0.001,0.004,0.649,0.024,0.089,0.017,0.24,0.039,1.0,0.013,0.039,0.121,0.011,0.006,0.033,0.03,0.063,0.007,0.39,0.064,0.061,0.008,0.006,0.0,0.013,0.014,0.032,0.003,0.108,0.008,0.024,0.018,0.162,0.088,0.064,0.814,0.998,0.036,0.018,1.0,1.0,0.129,0.171,1.0,0.727,0.001,0.003,1.0,0.071,0.021,0.224,0.125,0.522,0.092,0.079,0.06,0.168,0.01,0.017,0.019,0.005,0.885,0.015,0.092,0.038,0.0,8602
Cluster-14,0.101,0.008,0.063,0.001,0.025,0.007,0.005,0.002,0.001,0.006,0.031,0.005,0.335,0.054,0.058,0.044,0.057,0.008,0.046,0.633,0.019,0.023,0.009,0.164,0.146,0.139,0.583,0.092,0.087,0.191,0.095,0.075,0.008,0.175,0.013,0.098,0.027,0.73,0.101,0.073,0.032,0.06,0.059,0.009,0.017,0.046,0.058,0.038,0.0,0.001,0.236,0.017,0.015,0.007,0.024,0.049,0.05,0.009,0.055,0.066,0.088,0.021,0.044,0.02,0.779,0.02,0.016,0.128,0.037,0.006,0.001,0.033,0.053,0.496,0.018,0.006,0.03,0.002,0.005,0.499,0.022,0.083,0.033,0.032,0.075,0.009,0.005,0.017,0.106,0.001,0.087,0.029,0.02,0.009,0.002,0.006,0.165,0.002,0.068,0.045,0.037,0.006,0.019,0.072,0.011,0.004,0.009,0.004,0.003,0.064,0.011,0.021,0.025,0.209,8426
Cluster-15,0.005,0.007,0.033,0.006,0.06,0.003,0.012,0.001,0.005,0.017,0.048,0.332,0.046,0.04,0.062,0.028,0.056,1.0,0.014,0.031,0.012,0.026,0.005,0.134,0.082,0.053,0.02,0.121,0.091,0.066,0.065,0.016,0.01,0.503,0.002,0.444,0.047,0.01,0.017,0.198,0.008,0.291,0.035,0.045,0.015,0.148,0.005,0.087,0.002,0.005,0.044,0.058,0.111,0.003,0.069,0.011,0.004,0.01,0.027,0.148,0.037,0.001,0.051,0.087,0.047,0.005,0.015,0.159,0.053,0.043,0.012,0.014,0.033,0.026,0.051,0.007,0.078,1.0,0.076,0.023,0.023,0.09,0.192,0.356,0.254,0.154,0.006,0.013,0.126,0.008,0.068,0.042,0.053,0.009,0.001,0.012,0.095,0.003,0.075,0.057,0.074,0.019,0.175,0.132,0.006,1.0,0.015,0.003,0.003,0.244,0.036,0.007,0.115,0.063,8300
Cluster-16,0.001,0.007,0.08,0.0,0.009,0.005,0.0,0.0,0.002,0.004,1.0,0.004,0.178,0.017,0.012,0.009,1.0,0.004,0.005,0.027,0.005,1.0,0.003,0.099,0.013,0.024,0.021,0.013,0.001,0.009,0.921,0.401,0.009,0.031,0.001,0.028,0.028,0.02,0.003,0.318,0.006,1.0,1.0,0.0,0.007,0.76,0.004,0.011,0.0,0.0,0.01,0.004,0.005,0.002,0.009,0.202,0.0,0.0,0.005,0.057,0.01,0.002,0.025,0.631,0.046,1.0,0.002,0.193,1.0,0.002,0.001,0.011,1.0,0.023,0.012,0.003,0.003,0.002,0.008,0.029,0.0,0.0,0.009,0.294,0.013,0.006,0.001,0.002,0.021,0.001,0.0,0.016,0.006,0.004,0.0,0.001,0.019,0.003,1.0,0.02,0.45,0.002,0.009,0.014,0.003,0.004,0.0,0.0,0.007,0.143,0.005,0.005,0.013,0.079,7591
Cluster-17,0.005,0.049,0.034,0.002,0.006,0.011,0.025,0.0,0.001,0.019,0.021,0.01,0.051,0.022,0.032,0.018,0.027,0.016,0.011,0.007,0.019,0.009,0.019,0.098,0.216,0.193,0.01,0.331,0.26,0.261,0.03,0.032,0.082,0.248,0.002,0.7,0.101,0.011,0.049,0.128,0.012,0.025,0.012,0.217,0.026,0.063,0.002,0.138,0.001,0.017,0.028,0.137,0.328,0.012,0.189,0.025,0.043,0.022,0.032,0.027,0.007,0.019,0.01,0.031,0.007,0.002,0.035,0.771,0.032,0.006,0.023,0.0,0.016,0.01,0.015,0.003,0.209,0.013,0.066,0.008,0.111,0.318,0.492,0.035,0.47,0.62,0.012,0.011,0.236,0.012,0.122,0.269,0.137,0.022,0.007,0.015,0.35,0.009,0.049,0.092,0.042,0.054,0.454,0.233,0.036,0.011,0.017,0.014,0.016,0.309,0.203,0.018,0.265,0.328,7500
Cluster-18,0.128,1.0,0.195,0.001,0.037,0.09,0.005,0.005,0.0,0.005,0.004,0.001,0.008,0.002,0.003,0.003,0.008,0.0,0.001,0.432,0.06,0.002,0.091,0.048,0.0,0.006,0.009,0.032,0.011,0.001,0.006,0.089,0.026,0.003,0.002,0.135,0.164,0.382,0.076,0.037,0.05,0.008,0.003,0.163,0.047,0.02,0.019,0.076,0.0,0.001,0.015,0.005,0.239,0.003,0.13,0.005,0.131,0.001,0.037,0.033,0.067,0.0,0.0,0.01,0.236,0.004,0.021,0.79,0.011,0.0,0.001,1.0,0.006,0.134,0.0,0.0,0.078,0.001,0.02,0.779,0.021,0.581,0.083,0.104,0.017,0.005,0.0,0.001,0.011,0.001,0.018,0.009,0.038,1.0,0.004,0.004,0.005,0.131,0.018,0.122,0.009,0.006,0.174,0.0,0.081,0.003,0.002,0.018,1.0,0.004,0.166,0.074,0.196,0.263,6310
Cluster-19,0.003,0.003,0.013,0.025,0.013,0.001,0.007,0.046,0.002,0.019,0.005,0.002,0.096,0.047,0.045,0.032,0.02,0.002,0.061,0.199,0.003,0.0,0.002,0.232,0.006,0.045,0.273,0.02,0.005,0.003,0.049,0.021,0.007,0.005,0.155,0.018,0.006,0.267,0.111,0.012,0.003,0.015,0.029,0.002,0.019,0.012,0.298,0.004,0.049,0.005,0.645,0.007,0.003,0.003,0.016,0.007,0.253,0.01,0.058,0.13,0.053,0.348,0.022,0.021,0.028,0.002,0.014,0.015,0.001,0.002,0.012,0.059,0.011,0.372,0.746,0.828,0.021,0.002,0.045,0.205,0.042,0.082,0.007,0.01,0.055,0.009,0.001,0.002,0.328,0.027,0.023,0.021,0.007,0.004,0.039,0.008,0.012,0.001,0.023,0.064,0.029,0.013,0.002,0.008,0.001,0.001,1.0,0.353,0.01,0.024,0.003,0.041,0.01,0.037,6177
Cluster-20,1.0,0.201,0.123,0.0,0.03,0.033,0.007,0.002,0.003,0.004,0.014,0.001,0.018,0.003,0.005,0.005,0.017,0.004,0.003,0.264,0.021,0.005,0.033,0.124,0.004,0.082,0.026,0.027,0.003,0.004,0.012,1.0,0.011,0.009,0.016,0.113,0.362,0.322,0.063,0.048,0.021,0.007,0.008,0.086,0.024,0.026,0.006,0.038,0.0,0.015,0.017,0.007,0.154,0.002,1.0,0.003,0.067,0.003,0.007,0.046,1.0,0.005,0.01,0.015,0.575,0.008,0.008,0.055,0.015,0.001,0.003,0.353,0.01,0.905,0.004,0.002,0.077,0.002,0.013,0.776,0.01,0.325,0.047,0.074,0.004,0.004,0.0,0.002,0.0,0.003,0.078,0.01,0.017,0.115,0.001,0.002,0.007,0.029,0.019,0.063,0.015,0.001,0.117,0.006,0.032,0.004,0.013,0.072,0.084,0.01,0.09,0.045,0.101,0.222,6081
Cluster-21,0.006,0.024,0.031,0.0,0.038,0.008,0.014,0.006,0.002,0.021,0.037,0.035,0.104,0.579,0.645,0.462,0.05,0.049,0.213,0.017,0.014,0.018,0.008,0.202,0.49,0.369,0.021,0.472,0.386,0.376,0.052,0.009,0.032,0.525,0.002,0.701,0.085,0.013,0.172,0.187,0.01,0.04,0.027,0.156,0.019,0.112,0.003,0.212,0.0,0.005,0.0,0.064,0.241,0.006,0.179,0.025,0.017,0.009,0.352,0.109,0.033,0.03,0.055,0.061,0.038,0.006,0.012,0.389,0.053,0.042,0.007,0.013,0.027,0.021,0.023,0.003,0.17,0.019,0.046,0.024,0.065,0.328,0.467,0.036,0.962,0.264,0.017,0.016,0.475,0.006,0.076,0.071,0.058,0.072,0.004,0.032,0.454,0.004,0.12,0.051,0.048,0.021,0.315,0.46,0.014,0.02,0.018,0.004,0.011,0.879,0.147,0.013,0.388,0.099,5711
Cluster-22,0.002,0.152,0.786,0.0,0.001,1.0,0.004,0.001,0.005,0.196,0.002,0.0,0.002,0.0,0.001,0.001,0.001,0.001,0.0,0.0,1.0,0.0,1.0,0.045,0.001,0.009,0.006,0.012,0.0,0.001,0.002,0.004,0.018,0.01,0.0,0.094,0.608,0.01,0.793,0.022,1.0,0.013,0.0,0.053,0.496,0.013,0.001,1.0,0.0,0.001,0.464,0.005,0.163,0.007,0.044,0.067,0.691,0.01,0.015,0.027,0.002,0.004,0.007,0.014,0.0,0.002,0.375,0.009,0.001,0.0,0.001,0.032,0.0,0.0,0.001,0.0,0.074,0.0,0.006,0.011,0.019,0.087,0.02,1.0,0.047,0.012,0.006,0.121,0.22,0.001,0.024,0.015,0.205,0.063,0.0,0.513,0.003,1.0,0.217,0.698,0.118,0.029,0.079,0.005,1.0,0.001,0.012,0.047,0.059,0.871,0.063,1.0,0.083,0.0,5703
Cluster-23,0.244,0.595,0.287,0.001,0.023,0.049,0.017,0.0,0.007,0.009,0.014,0.002,0.006,0.009,0.02,0.004,0.015,0.002,0.006,0.162,0.048,0.002,0.094,0.054,0.001,0.0,0.005,0.029,0.01,0.0,0.016,0.246,0.058,0.009,0.002,0.205,0.255,0.194,0.104,0.058,0.048,0.014,0.012,0.144,0.042,0.024,0.01,0.035,0.0,0.008,0.048,0.045,0.285,0.003,0.303,0.011,0.156,0.01,0.073,0.063,0.277,0.009,0.029,0.034,0.165,0.005,0.033,0.159,0.018,0.001,0.008,0.39,0.009,0.197,0.006,0.006,0.105,0.003,0.034,0.363,0.043,0.301,0.092,0.127,0.051,0.0,0.002,0.001,0.014,0.001,0.026,0.018,0.032,0.404,0.002,0.009,0.018,0.087,0.028,0.118,0.028,0.014,0.192,0.008,0.096,0.002,0.011,0.034,0.366,0.012,0.172,0.081,0.112,0.362,4303
Cluster-24,0.006,0.049,0.141,0.001,0.0,0.026,0.016,0.0,0.158,0.257,0.013,0.002,0.025,0.007,0.014,0.008,0.013,0.012,0.003,0.006,0.129,0.004,0.159,0.053,0.035,0.049,0.012,0.251,0.288,0.018,0.036,0.003,0.906,0.104,0.0,0.236,0.481,0.007,0.352,0.07,0.045,0.014,0.011,0.09,0.128,0.057,0.002,0.505,0.002,0.001,0.211,0.096,0.287,0.173,0.855,0.141,0.22,0.003,0.009,0.089,0.007,0.132,0.032,0.018,0.017,0.002,0.671,0.427,0.02,0.004,0.003,0.006,0.009,0.009,0.011,0.001,0.375,0.005,0.082,0.008,1.0,0.273,0.103,0.244,0.647,0.062,0.127,0.16,0.172,0.019,0.732,0.334,1.0,0.023,0.011,0.26,0.096,0.056,0.041,0.066,0.055,0.258,0.27,0.11,0.15,0.005,0.003,0.075,0.025,0.373,0.039,0.082,0.064,0.0,4161
Cluster-25,0.007,0.136,0.539,0.001,0.004,0.228,0.004,0.0,0.004,0.208,0.006,0.003,0.003,0.008,0.012,0.007,0.008,0.002,0.005,0.005,0.2,0.001,0.406,0.055,0.019,0.029,0.014,0.023,0.024,0.006,0.009,0.153,0.076,0.038,0.0,0.17,0.435,0.012,0.709,0.031,0.196,0.003,0.016,0.063,0.353,0.015,0.0,0.223,0.0,0.003,0.183,0.05,0.164,0.01,0.126,0.022,0.411,0.005,0.017,0.146,0.008,0.012,0.0,0.0,0.009,0.004,0.135,0.053,0.032,0.003,0.002,0.0,0.006,0.004,0.007,0.001,0.092,0.002,0.02,0.012,0.093,0.104,0.043,0.445,0.155,0.017,0.008,0.152,0.144,0.052,0.055,0.376,0.215,0.047,0.003,0.126,0.02,0.182,0.074,0.448,0.07,0.032,0.106,0.003,0.305,0.004,0.009,0.031,0.065,0.2,0.048,0.226,0.07,0.483,3125
Cluster-26,0.002,0.002,0.01,0.003,0.002,0.0,0.003,0.001,0.006,0.067,0.0,0.002,0.006,0.002,0.0,0.002,0.002,0.001,0.004,0.326,0.001,0.002,0.0,0.016,0.0,0.008,0.022,0.0,0.03,0.0,0.0,0.001,0.002,0.0,1.0,0.003,0.003,0.326,0.043,0.0,0.003,0.0,0.003,0.004,0.004,0.008,1.0,0.018,0.005,0.001,0.239,0.005,0.006,0.001,0.003,0.005,0.045,0.0,0.008,0.052,0.066,0.012,0.0,0.001,0.008,0.007,0.001,0.0,0.0,0.001,0.001,0.013,0.001,0.352,0.926,0.752,0.071,0.002,0.013,0.073,0.011,0.008,0.003,0.0,0.016,0.005,0.0,0.0,0.008,0.004,0.018,0.013,0.004,0.0,0.004,0.005,0.0,0.001,0.0,0.01,0.002,0.003,0.002,0.002,0.001,0.001,0.046,0.989,0.011,0.009,0.0,0.012,0.014,0.0,2820
Cluster-27,0.009,0.037,0.103,0.005,0.014,0.009,1.0,0.0,0.011,0.019,0.042,0.02,0.119,0.02,0.027,0.015,0.061,0.008,0.013,0.006,0.016,0.005,0.013,0.435,0.026,0.055,0.019,0.058,0.044,0.016,0.054,0.067,0.014,0.048,0.001,0.25,0.117,0.008,0.019,0.143,0.032,0.022,0.024,0.075,0.011,0.073,0.005,0.05,0.001,1.0,1.0,0.113,0.139,0.006,0.071,0.023,0.032,1.0,0.007,0.275,0.036,0.012,0.062,0.113,0.064,0.002,0.017,0.026,0.044,0.021,1.0,0.0,0.022,0.008,0.034,0.004,0.094,0.014,0.025,0.017,0.012,0.101,0.146,0.031,0.138,0.112,0.009,0.011,0.027,0.008,0.03,0.12,0.05,0.024,0.004,0.013,0.032,0.009,0.142,0.038,0.385,0.04,0.197,0.029,0.019,0.01,0.011,0.006,0.032,0.083,0.076,0.011,0.094,0.837,2404
Cluster-28,0.002,0.0,0.0,0.002,0.002,0.001,0.0,0.023,0.002,0.067,0.002,0.003,0.012,0.008,0.006,0.004,0.004,0.001,0.007,0.354,0.001,0.002,0.0,0.024,0.002,0.014,0.028,0.001,0.013,0.0,0.007,0.007,0.005,0.002,0.618,0.0,0.003,0.341,0.071,0.001,0.001,0.004,0.0,0.003,0.005,0.0,0.945,0.006,0.01,0.001,0.413,0.006,0.001,0.002,0.002,0.008,0.127,0.001,0.006,0.067,0.061,0.031,0.007,0.0,0.008,0.003,0.0,0.026,0.001,0.0,0.002,0.057,0.002,0.377,1.0,1.0,0.052,0.002,0.023,0.089,0.024,0.036,0.0,0.002,0.002,0.001,0.0,0.001,0.032,0.007,0.019,0.02,0.007,0.004,0.005,0.002,0.0,0.0,0.006,0.027,0.0,0.005,0.002,0.0,0.0,0.004,0.102,1.0,0.014,0.013,0.004,0.016,0.002,0.0,2179
Cluster-29,0.107,0.003,0.034,0.0,0.025,0.004,0.002,0.0,0.001,0.0,0.002,0.003,0.034,0.01,0.013,0.026,0.01,0.001,0.01,0.76,0.005,0.003,0.002,0.0,0.021,0.066,0.535,0.009,0.085,0.032,0.002,0.032,0.003,0.086,0.009,0.013,0.0,0.903,0.0,0.008,0.011,0.007,0.008,0.003,0.007,0.012,0.162,0.016,0.0,0.0,0.234,0.0,0.001,0.001,0.011,0.003,0.01,0.013,0.011,0.0,0.138,0.015,0.005,0.006,0.826,0.004,0.005,0.008,0.005,0.002,0.0,0.018,0.004,0.779,0.011,0.002,0.004,0.001,0.0,0.533,0.01,0.115,0.002,0.005,0.005,0.002,0.0,0.001,0.007,0.0,0.029,0.0,0.001,0.047,0.001,0.001,0.032,0.001,0.004,0.016,0.003,0.0,0.003,0.014,0.001,0.003,0.002,0.002,0.004,0.009,0.0,0.02,0.004,0.112,1678
Cluster-30,0.043,0.003,0.0,0.001,0.042,0.008,0.014,0.01,0.003,0.001,0.007,0.015,0.134,0.828,0.704,0.711,0.033,0.019,0.724,0.372,0.007,0.003,0.004,0.163,0.054,0.075,0.314,0.068,0.036,0.063,0.038,0.059,0.0,0.127,0.01,0.07,0.018,0.53,0.019,0.052,0.014,0.021,0.017,0.002,0.0,0.035,0.048,0.036,0.0,0.0,0.173,0.017,0.009,0.0,0.012,0.012,0.017,0.007,0.67,0.079,0.058,0.018,0.0,0.013,0.522,0.007,0.007,0.082,0.015,0.021,0.0,0.0,0.016,0.331,0.011,0.006,0.021,0.009,0.018,0.298,0.003,0.034,0.01,0.015,0.06,0.005,0.008,0.007,0.054,0.002,0.037,0.048,0.007,0.029,0.0,0.014,0.092,0.0,0.024,0.023,0.01,0.007,0.019,0.034,0.005,0.004,0.007,0.002,0.0,0.14,0.009,0.005,0.042,1.0,858
Cluster-31,0.035,0.001,0.0,1.0,0.025,0.003,0.0,1.0,0.0,0.005,0.002,0.003,0.0,0.008,0.014,0.0,0.005,0.005,0.011,0.374,0.0,0.005,0.039,0.041,0.008,0.044,0.025,0.016,0.012,0.0,0.01,0.014,0.004,0.01,0.038,0.006,0.0,0.483,0.073,0.0,0.0,0.005,0.0,0.001,0.464,0.034,0.026,0.0,1.0,0.0,0.462,0.011,0.0,0.003,0.0,0.0,0.012,0.01,0.003,0.056,0.006,0.068,0.0,0.029,0.069,0.0,0.001,0.0,0.0,0.0,0.001,0.041,0.002,0.069,0.412,0.253,0.0,0.004,1.0,0.308,0.008,0.073,0.008,0.003,0.0,0.0,0.001,0.007,0.139,1.0,0.249,0.039,0.036,0.002,1.0,0.0,0.003,0.0,0.02,0.015,0.017,0.004,0.0,0.016,0.011,0.0,0.052,0.029,0.029,0.0,0.003,0.04,0.0,0.0,656
Cluster-32,0.0,0.007,0.082,0.001,0.007,0.002,0.0,0.0,0.004,0.004,0.018,0.019,0.08,1.0,0.855,1.0,0.028,0.049,1.0,0.039,0.01,0.028,0.005,0.468,0.055,0.0,0.059,0.061,0.032,0.048,0.037,0.002,0.0,0.087,0.0,0.152,0.026,0.041,0.013,0.072,0.0,0.013,0.004,0.007,0.015,0.045,0.01,0.031,0.0,0.002,0.013,0.012,0.014,0.002,0.0,0.0,0.02,0.001,0.692,0.088,0.012,0.013,0.0,0.044,0.083,0.005,0.013,0.092,0.024,0.027,0.004,0.0,0.017,0.032,0.021,0.005,0.031,0.021,0.042,0.019,0.006,0.045,0.06,0.015,0.014,0.031,0.007,0.007,0.071,0.004,0.009,0.024,0.007,0.05,0.0,0.034,0.097,0.0,0.038,0.0,0.018,0.001,0.045,0.04,0.007,0.024,0.035,0.004,0.0,0.373,0.005,0.0,0.061,0.0,511
