cluster,APLN,ARX,BANK1,CA4,CALB2,CASQ2,CCL14,CD163,CD19,CD1C,CD2,CD3E,CD3G,CD68,CD79A,CD8A,CDH1,CDH5,CLDN5,CLEC9A,COL10A1,COL11A1,COL5A1,COL5A2,COMP,CSF1R,CSF3R,CSPG4,CTHRC1,DLK1,DNAH5,DPT,EPCAM,ESM1,F13A1,FCGR2B,FCGR3B,FLT4,FOLR2,FOXJ1,FOXL2,GATA4,GJA5,HDC,HEY1,KCNA5,KCNJ8,KCNMB1,KDR,KIT,KLRD1,KLRF1,LILRA4,LILRB5,MCAM,MFAP5,MRC1,MS4A1,MS4A2,MSLN,MUC1,MUC16,MYLK,MZB1,NCAM1,NOTCH3,NR5A1,PAX8,PDGFRA,PECAM1,PGF,PI16,PLN,PLVAP,POSTN,PROX1,RCAN2,RELN,RGS5,SELP,SFRP4,SLC6A4,SLCO2B1,STAB1,SYNPO2,TCF21,THBS2,TMEM100,TNFRSF17,TPPP3,UPK3B,VCAM1,VIPR1,WT1,n_cells
Cluster-1,0.003,0.002,0.49,0.018,0.007,0.014,0.002,0.019,0.002,0.021,0.01,0.018,0.008,0.047,0.002,0.015,0.836,0.001,0.001,0.044,0.009,0.004,0.009,0.008,0.007,0.043,0.03,0.0,0.01,0.001,0.93,0.016,0.934,0.006,0.008,0.045,0.075,0.001,0.017,0.58,0.001,0.001,0.002,0.244,0.004,0.011,0.005,0.024,0.001,0.006,0.004,0.049,0.049,0.004,0.017,0.167,0.015,0.019,0.163,1.0,0.939,1.0,0.198,0.004,0.168,0.147,0.004,1.0,0.004,0.014,0.001,0.037,0.002,0.004,0.011,0.002,0.006,0.302,0.001,0.002,0.012,0.334,0.047,0.028,0.016,0.001,0.005,0.004,0.002,0.026,1.0,0.034,1.0,0.535,134245
Cluster-2,0.031,0.006,0.361,0.022,0.02,0.01,0.005,0.029,0.023,0.022,0.009,0.018,0.007,0.071,0.003,0.009,0.857,0.004,0.002,0.032,0.019,0.012,0.049,0.038,0.05,0.036,0.021,0.004,0.053,0.007,1.0,0.027,0.97,0.008,0.009,0.031,0.063,0.003,0.009,1.0,0.01,0.008,0.005,0.248,0.007,0.009,0.007,0.022,0.007,0.013,0.006,0.256,0.034,0.004,0.044,0.018,0.007,0.005,0.115,0.706,0.99,0.593,0.337,0.004,0.181,0.187,0.018,0.792,0.02,0.017,0.004,0.021,0.004,0.146,0.034,0.037,0.03,0.389,0.003,0.004,0.045,0.343,0.036,0.041,0.043,0.009,0.035,0.118,0.003,0.031,0.771,0.084,0.625,0.447,103865
Cluster-3,0.031,0.26,0.125,0.013,0.12,0.011,0.01,0.099,0.045,0.038,0.018,0.032,0.016,0.122,0.055,0.021,0.141,0.022,0.007,0.114,0.566,0.053,0.622,0.52,0.639,0.097,0.055,0.021,0.445,0.021,0.16,0.127,0.243,0.017,0.106,0.067,0.082,0.009,0.088,0.169,0.382,0.204,0.007,0.205,0.016,0.017,0.197,0.099,0.017,0.183,0.007,0.031,0.16,0.023,0.106,0.04,0.059,0.054,0.224,0.115,0.162,0.092,0.56,0.059,0.509,0.132,0.691,0.135,0.555,0.065,0.016,0.052,0.072,0.117,0.166,0.539,0.711,0.201,0.029,0.055,1.0,0.33,0.096,0.101,0.421,0.322,0.457,0.188,0.035,0.023,0.216,0.531,0.089,0.293,70910
Cluster-4,0.015,0.007,0.247,0.032,0.011,0.009,0.004,0.039,0.031,0.025,0.007,0.015,0.006,0.06,0.001,0.007,0.837,0.003,0.002,0.039,0.011,0.005,0.032,0.024,0.029,0.04,0.02,0.006,0.032,0.008,0.337,0.019,1.0,0.007,0.005,0.026,0.057,0.003,0.009,0.777,0.012,0.008,0.002,0.23,0.004,0.009,0.006,0.023,0.004,0.01,0.006,0.164,0.044,0.004,0.033,0.008,0.01,0.005,0.172,0.68,0.817,0.497,0.386,0.003,0.215,0.17,0.018,0.78,0.018,0.016,0.003,0.022,0.002,0.099,0.014,0.026,0.027,0.53,0.003,0.004,0.04,0.363,0.04,0.04,0.017,0.009,0.02,0.142,0.002,0.018,0.728,0.06,0.489,0.731,70602
Cluster-5,0.019,0.003,0.149,0.016,0.022,0.005,0.003,0.018,0.018,0.014,0.005,0.011,0.004,0.052,0.001,0.005,0.695,0.002,0.001,0.048,0.012,0.009,0.035,0.024,0.033,0.016,0.011,0.003,0.027,0.007,0.406,0.022,0.884,0.004,0.006,0.019,0.026,0.002,0.003,0.612,0.009,0.005,0.002,0.272,0.003,0.009,0.004,0.014,0.004,0.004,0.002,0.109,0.046,0.0,0.021,0.009,0.003,0.006,0.087,0.552,0.757,0.355,0.293,0.003,0.23,0.145,0.012,0.595,0.014,0.008,0.005,0.032,0.003,0.13,0.021,0.016,0.02,0.28,0.002,0.001,0.027,0.391,0.018,0.02,0.015,0.006,0.024,0.209,0.001,0.016,0.456,0.043,0.324,0.391,61677
Cluster-6,0.005,1.0,0.012,0.05,0.181,0.011,0.065,0.052,0.028,0.017,0.005,0.008,0.005,0.021,0.003,0.004,0.084,0.037,0.011,0.033,0.059,0.029,0.412,0.24,0.004,0.056,0.014,0.023,0.021,1.0,0.056,0.123,0.035,0.002,0.222,0.01,0.022,0.005,0.114,0.004,1.0,1.0,0.006,0.411,0.011,0.02,0.293,0.074,0.004,1.0,0.003,0.009,0.039,0.067,0.056,0.002,0.088,0.013,0.178,0.015,0.03,0.042,0.708,0.003,1.0,0.069,1.0,0.016,1.0,0.021,0.008,0.326,0.03,0.048,0.087,0.714,0.538,0.085,0.017,0.053,0.527,0.418,0.045,0.063,1.0,1.0,0.208,0.426,0.003,0.043,0.043,0.347,0.025,0.579,59506
Cluster-7,0.108,0.001,0.266,0.008,1.0,0.002,0.003,0.031,0.009,0.0,0.009,0.018,0.007,0.081,0.006,0.01,0.022,0.003,0.002,0.02,1.0,1.0,1.0,1.0,1.0,0.051,0.04,0.069,1.0,0.005,0.151,1.0,0.046,0.009,0.423,0.032,0.073,0.008,0.023,0.028,0.01,0.007,0.13,0.102,0.024,0.013,0.044,0.062,0.011,0.063,0.012,0.02,0.1,0.011,0.014,1.0,0.01,0.007,0.094,0.039,0.059,0.017,1.0,0.008,0.559,0.108,0.026,0.037,0.419,0.029,0.007,0.016,0.097,0.082,1.0,0.117,0.539,0.104,0.01,0.02,0.782,0.439,0.064,0.087,0.118,0.034,1.0,0.035,0.006,0.005,0.045,1.0,0.026,0.207,51996
Cluster-8,0.001,0.002,0.41,0.017,0.008,0.014,0.002,0.009,0.003,0.027,0.007,0.015,0.007,0.024,0.0,0.013,0.752,0.001,0.0,0.038,0.004,0.003,0.003,0.003,0.001,0.027,0.019,0.0,0.005,0.001,0.353,0.017,0.935,0.005,0.003,0.028,0.061,0.0,0.011,0.546,0.0,0.001,0.001,0.247,0.003,0.012,0.004,0.02,0.0,0.0,0.003,0.029,0.054,0.003,0.028,0.153,0.01,0.013,0.151,0.915,0.733,0.665,0.173,0.002,0.184,0.125,0.0,0.932,0.001,0.007,0.0,0.01,0.001,0.0,0.008,0.0,0.0,0.295,0.0,0.0,0.004,0.323,0.03,0.013,0.006,0.0,0.001,0.002,0.002,0.009,0.948,0.018,0.586,0.754,49623
Cluster-9,0.002,0.013,0.034,0.022,0.028,0.011,0.011,0.043,0.021,0.032,0.017,0.022,0.011,0.009,0.011,0.023,0.04,0.007,0.007,0.054,0.152,0.047,0.123,0.104,0.148,0.015,0.022,0.007,0.03,0.008,0.127,0.057,0.119,0.014,0.033,0.04,0.015,0.008,0.01,0.047,0.01,0.011,0.007,0.706,0.006,0.011,0.012,0.02,0.006,0.025,0.002,0.02,0.059,0.015,0.003,0.018,0.042,0.074,0.504,0.068,0.082,0.051,0.0,0.027,0.019,0.002,0.026,0.108,0.047,0.027,0.015,0.11,0.01,0.022,0.055,0.02,0.041,0.172,0.007,0.023,0.26,0.623,0.028,0.053,0.021,0.025,0.057,0.022,0.007,0.001,0.074,0.031,0.075,0.028,49247
Cluster-10,0.024,0.012,0.111,0.012,0.043,0.005,0.005,1.0,0.029,0.233,0.027,0.04,0.021,1.0,0.025,0.032,0.071,0.005,0.002,0.188,0.068,0.022,0.096,0.07,0.081,1.0,1.0,0.011,0.07,0.007,0.104,0.05,0.194,0.009,0.255,1.0,1.0,0.004,0.411,0.091,0.024,0.013,0.005,0.145,0.005,0.014,0.017,0.775,0.005,0.02,0.01,0.061,0.644,0.254,0.006,0.028,0.471,0.049,0.084,0.102,0.115,0.087,0.04,0.026,0.004,0.011,0.04,0.079,0.049,0.472,0.007,0.027,0.009,0.031,0.064,0.097,0.089,0.085,0.009,0.011,0.124,0.332,1.0,1.0,0.025,0.025,0.065,0.02,0.015,0.004,0.126,0.32,0.117,0.032,45208
Cluster-11,0.003,0.0,0.359,0.013,0.006,0.011,0.0,0.014,0.001,0.027,0.007,0.016,0.004,0.045,0.0,0.01,0.775,0.0,0.0,0.048,0.003,0.0,0.0,0.0,0.0,0.032,0.021,0.0,0.001,0.0,0.369,0.014,0.934,0.003,0.005,0.039,0.038,0.0,0.01,0.461,0.0,0.0,0.0,0.208,0.002,0.007,0.003,0.021,0.0,0.0,0.003,0.026,0.049,0.002,0.009,0.138,0.008,0.016,0.15,0.921,0.705,0.644,0.156,0.002,0.162,0.142,0.001,0.61,0.0,0.007,0.001,0.016,0.002,0.002,0.0,0.003,0.0,0.137,0.0,0.003,0.0,0.322,0.036,0.017,0.0,0.0,0.0,0.0,0.001,0.026,0.765,0.011,0.566,0.423,43995
Cluster-12,0.001,0.002,0.32,0.015,0.005,0.01,0.001,0.008,0.002,0.018,0.007,0.013,0.006,0.019,0.001,0.012,0.659,0.001,0.0,0.04,0.01,0.003,0.01,0.008,0.009,0.022,0.021,0.0,0.005,0.002,0.667,0.015,0.876,0.005,0.008,0.026,0.041,0.002,0.011,0.428,0.001,0.002,0.002,0.25,0.003,0.005,0.006,0.015,0.0,0.009,0.001,0.036,0.043,0.004,0.011,0.123,0.011,0.013,0.198,0.847,0.793,0.693,0.13,0.003,0.123,0.094,0.003,0.853,0.005,0.008,0.001,0.048,0.0,0.003,0.008,0.002,0.006,0.234,0.0,0.002,0.011,0.349,0.026,0.013,0.006,0.002,0.004,0.004,0.002,0.014,0.78,0.019,0.61,0.393,35756
Cluster-13,0.01,0.081,0.088,0.01,0.155,0.012,0.008,0.03,0.021,0.007,0.009,0.022,0.013,0.023,0.016,0.019,0.056,0.009,0.004,0.054,0.589,0.232,0.572,0.494,0.657,0.023,0.025,0.016,0.256,0.027,0.108,0.196,0.099,0.01,0.079,0.035,0.03,0.007,0.026,0.051,0.108,0.064,0.017,0.484,0.011,0.007,0.053,0.041,0.007,0.089,0.002,0.019,0.057,0.013,0.029,0.111,0.028,0.043,0.172,0.054,0.095,0.057,0.38,0.027,0.296,0.029,0.245,0.098,0.297,0.021,0.011,0.148,0.038,0.06,0.259,0.124,0.247,0.314,0.01,0.027,0.845,0.654,0.029,0.048,0.22,0.129,0.339,0.06,0.009,0.005,0.131,0.276,0.096,0.111,35522
Cluster-14,0.005,0.003,0.37,0.013,0.007,0.011,0.001,0.376,0.012,0.367,0.019,0.032,0.013,0.503,0.005,0.027,0.525,0.001,0.001,0.253,0.017,0.002,0.016,0.01,0.022,0.586,0.499,0.012,0.01,0.001,0.325,0.024,0.732,0.004,0.07,0.513,0.493,0.0,0.101,0.34,0.004,0.002,0.002,0.138,0.002,0.012,0.006,0.517,0.001,0.007,0.008,0.046,0.311,0.037,0.008,0.085,0.172,0.046,0.093,0.669,0.553,0.504,0.097,0.006,0.077,0.085,0.006,0.495,0.007,0.202,0.003,0.014,0.001,0.009,0.009,0.022,0.019,0.219,0.003,0.002,0.027,0.33,0.573,0.541,0.007,0.004,0.009,0.001,0.005,0.013,0.59,0.149,0.411,0.265,34629
Cluster-15,0.015,0.003,0.041,0.012,0.014,0.01,0.003,0.0,0.043,0.006,0.002,0.001,0.001,0.065,0.0,0.0,1.0,0.001,0.0,0.021,0.0,0.004,0.014,0.007,0.006,0.0,0.001,0.002,0.003,0.007,0.385,0.014,0.885,0.004,0.001,0.003,0.018,0.001,0.0,0.663,0.006,0.003,0.002,0.804,0.003,0.009,0.001,0.004,0.001,0.004,0.0,0.127,0.023,0.001,0.015,0.004,0.0,0.0,0.124,0.742,1.0,0.611,0.575,0.0,0.671,0.263,0.004,0.946,0.003,0.0,0.002,0.027,0.0,0.377,0.01,0.0,0.004,0.02,0.001,0.0,0.0,0.281,0.0,0.0,0.014,0.001,0.009,0.692,0.0,0.019,0.408,0.01,0.51,0.859,33443
Cluster-16,1.0,0.047,0.089,1.0,0.025,0.22,1.0,0.045,0.009,0.043,0.012,0.024,0.016,0.043,0.01,0.02,0.045,1.0,1.0,0.036,0.081,0.012,0.24,0.223,0.045,0.053,0.039,0.271,0.156,0.052,0.07,0.068,0.102,1.0,0.062,0.022,0.042,1.0,0.05,0.061,0.083,0.056,1.0,0.333,1.0,0.226,0.296,0.138,1.0,0.952,0.013,0.05,0.093,0.028,0.741,0.012,0.16,0.036,0.091,0.056,0.072,0.047,0.329,0.011,0.005,0.33,0.428,0.046,0.08,1.0,0.641,0.109,0.114,1.0,0.102,1.0,0.593,0.848,0.554,1.0,0.129,0.437,0.203,0.481,0.263,0.102,0.092,0.12,0.007,0.356,0.095,0.26,0.104,0.347,26204
Cluster-17,0.006,0.102,1.0,0.013,0.048,0.017,0.013,0.155,1.0,0.167,0.039,0.067,0.034,0.172,1.0,0.047,0.14,0.011,0.01,0.214,0.286,0.034,0.275,0.202,0.335,0.149,0.106,0.009,0.204,0.013,0.118,0.104,0.177,0.019,0.17,0.515,0.104,0.009,0.166,0.117,0.149,0.078,0.01,0.526,0.021,0.092,0.093,0.079,0.01,0.092,0.009,0.06,1.0,0.056,0.025,0.04,0.105,1.0,0.364,0.101,0.178,0.114,0.181,1.0,0.164,0.031,0.234,0.143,0.247,0.49,0.011,0.069,0.023,0.04,0.098,0.202,0.307,0.251,0.02,0.044,0.609,0.428,0.153,0.152,0.185,0.139,0.204,0.088,1.0,0.005,0.318,0.241,0.493,0.128,23515
Cluster-18,0.0,0.002,0.38,0.015,0.007,0.008,0.002,0.056,0.011,0.052,0.477,0.579,0.419,0.108,0.018,0.603,0.524,0.001,0.0,0.105,0.012,0.001,0.014,0.01,0.013,0.089,0.06,0.002,0.007,0.0,0.349,0.023,0.74,0.005,0.018,0.087,0.114,0.004,0.028,0.355,0.002,0.002,0.001,0.245,0.004,0.01,0.003,0.056,0.001,0.033,0.358,0.081,0.112,0.005,0.01,0.083,0.03,0.201,0.192,0.676,0.548,0.466,0.09,0.034,0.33,0.076,0.005,0.467,0.006,0.088,0.001,0.019,0.005,0.001,0.008,0.009,0.087,0.247,0.002,0.043,0.016,0.234,0.092,0.059,0.008,0.003,0.006,0.0,0.003,0.014,0.608,0.066,0.366,0.26,22410
Cluster-19,0.025,0.014,0.098,0.018,0.051,0.003,0.004,0.738,0.02,0.243,0.021,0.032,0.017,0.551,0.017,0.021,0.037,0.005,0.003,0.303,0.063,0.024,0.104,0.068,0.099,0.68,0.585,0.01,0.051,0.012,0.076,0.035,0.136,0.007,0.283,0.545,0.522,0.004,0.28,0.076,0.027,0.016,0.006,0.554,0.003,0.015,0.016,0.458,0.005,0.027,0.005,0.031,0.538,0.263,0.003,0.021,0.382,0.04,0.441,0.061,0.094,0.064,0.041,0.02,0.004,0.004,0.029,0.077,0.055,0.284,0.009,0.043,0.009,0.03,0.058,0.06,0.059,0.219,0.01,0.014,0.128,0.349,0.699,0.807,0.048,0.028,0.06,0.023,0.011,0.0,0.094,0.136,0.094,0.018,19714
Cluster-20,0.022,0.009,0.214,0.015,0.021,0.007,0.006,0.428,0.024,0.384,0.012,0.024,0.007,0.45,0.004,0.012,0.581,0.003,0.002,0.186,0.016,0.006,0.046,0.03,0.04,0.462,0.251,0.012,0.04,0.009,0.321,0.018,0.819,0.007,0.04,0.317,0.342,0.003,0.053,0.61,0.016,0.01,0.002,0.201,0.004,0.011,0.009,0.302,0.005,0.011,0.008,0.119,0.172,0.028,0.024,0.007,0.094,0.016,0.107,0.467,0.636,0.322,0.225,0.005,0.1,0.104,0.021,0.464,0.026,0.143,0.005,0.012,0.003,0.088,0.018,0.042,0.042,0.236,0.003,0.007,0.057,0.293,0.388,0.486,0.026,0.014,0.029,0.098,0.004,0.01,0.544,0.147,0.294,0.331,19383
Cluster-21,0.012,0.001,0.0,0.01,0.007,0.01,0.006,0.0,0.045,0.008,0.0,0.0,0.0,0.026,0.0,0.0,0.904,0.001,0.001,0.022,0.0,0.001,0.012,0.007,0.001,0.0,0.0,0.001,0.0,0.008,0.125,0.013,0.884,0.003,0.0,0.0,0.017,0.001,0.0,0.437,0.007,0.003,0.002,0.493,0.004,0.013,0.0,0.0,0.002,0.003,0.0,0.099,0.036,0.0,0.023,0.002,0.002,0.003,0.082,0.586,0.807,0.422,0.571,0.0,0.703,0.224,0.006,0.836,0.003,0.0,0.002,0.021,0.0,0.186,0.007,0.005,0.002,0.118,0.002,0.002,0.0,0.392,0.002,0.0,0.002,0.003,0.006,1.0,0.001,0.008,0.331,0.0,0.365,1.0,18850
Cluster-22,0.015,0.01,0.237,0.018,0.015,0.012,0.003,0.078,0.011,0.063,0.389,0.584,0.312,0.126,0.013,0.385,0.451,0.003,0.002,0.093,0.017,0.007,0.051,0.03,0.038,0.077,0.039,0.007,0.039,0.006,0.232,0.023,0.72,0.007,0.012,0.052,0.103,0.006,0.012,0.528,0.014,0.008,0.001,0.246,0.004,0.005,0.009,0.044,0.004,0.029,0.424,0.143,0.091,0.006,0.023,0.006,0.018,0.127,0.075,0.376,0.535,0.238,0.169,0.037,0.484,0.074,0.024,0.316,0.023,0.099,0.004,0.024,0.002,0.058,0.02,0.038,0.129,0.254,0.003,0.034,0.057,0.315,0.07,0.07,0.024,0.012,0.029,0.064,0.003,0.01,0.44,0.111,0.196,0.22,18784
Cluster-23,0.001,0.552,0.006,0.03,0.08,0.008,0.036,0.035,0.006,0.018,0.004,0.006,0.004,0.0,0.002,0.005,0.025,0.024,0.008,0.03,0.069,0.02,0.334,0.191,0.016,0.033,0.013,0.014,0.019,0.578,0.084,0.091,0.0,0.0,0.165,0.001,0.0,0.002,0.076,0.0,0.658,0.59,0.002,0.652,0.005,0.012,0.169,0.043,0.001,0.461,0.0,0.0,0.035,0.04,0.032,0.0,0.07,0.011,0.377,0.0,0.0,0.005,0.468,0.003,0.664,0.043,0.612,0.0,0.815,0.01,0.005,0.187,0.025,0.025,0.041,0.415,0.318,0.027,0.016,0.037,0.485,0.232,0.025,0.041,0.719,0.693,0.142,0.273,0.003,0.024,0.0,0.197,0.0,0.347,16246
Cluster-24,0.024,0.133,0.224,0.017,0.151,0.009,0.026,0.13,0.068,0.099,0.661,0.756,0.653,0.145,0.117,0.646,0.042,0.016,0.01,0.174,0.377,0.128,0.437,0.364,0.388,0.117,0.064,0.016,0.334,0.061,0.07,0.217,0.096,0.022,0.219,0.09,0.107,0.02,0.131,0.061,0.207,0.125,0.019,0.344,0.017,0.018,0.116,0.071,0.018,0.156,0.278,0.062,0.26,0.032,0.043,0.128,0.094,0.413,0.316,0.044,0.063,0.049,0.352,0.11,0.411,0.054,0.303,0.049,0.346,0.157,0.017,0.274,0.043,0.041,0.233,0.267,0.521,0.144,0.027,0.139,0.689,0.384,0.13,0.117,0.251,0.214,0.323,0.116,0.057,0.017,0.105,0.384,0.294,0.105,16218
Cluster-25,0.025,0.01,0.167,0.018,0.022,0.005,0.004,0.74,0.022,0.48,0.017,0.032,0.011,0.699,0.007,0.016,0.324,0.004,0.002,0.214,0.034,0.01,0.081,0.056,0.075,0.786,0.584,0.015,0.064,0.007,0.17,0.026,0.578,0.005,0.065,0.576,0.658,0.005,0.098,0.385,0.029,0.017,0.003,0.174,0.005,0.005,0.018,0.666,0.006,0.006,0.006,0.084,0.233,0.083,0.019,0.01,0.193,0.009,0.086,0.265,0.391,0.163,0.129,0.01,0.05,0.056,0.048,0.229,0.045,0.276,0.006,0.0,0.007,0.054,0.028,0.062,0.086,0.224,0.006,0.007,0.109,0.261,0.69,0.881,0.03,0.026,0.053,0.062,0.006,0.007,0.325,0.215,0.19,0.175,12999
Cluster-26,0.008,0.017,0.071,0.021,0.05,0.01,0.007,0.497,0.01,0.111,0.011,0.019,0.011,0.213,0.007,0.015,0.045,0.004,0.004,0.11,0.06,0.036,0.101,0.068,0.106,0.322,0.249,0.006,0.035,0.017,0.1,0.045,0.138,0.012,0.223,0.316,0.237,0.005,0.15,0.05,0.02,0.017,0.008,0.886,0.002,0.014,0.011,0.217,0.007,0.063,0.0,0.035,0.258,0.152,0.0,0.026,0.306,0.028,1.0,0.069,0.099,0.063,0.011,0.011,0.0,0.004,0.026,0.094,0.049,0.148,0.009,0.107,0.013,0.026,0.057,0.052,0.039,0.149,0.003,0.012,0.113,0.507,0.372,0.557,0.031,0.031,0.058,0.025,0.003,0.003,0.104,0.064,0.11,0.031,12664
Cluster-27,0.01,0.02,0.091,0.018,0.047,0.003,0.01,0.08,0.029,0.029,0.516,0.613,0.446,0.057,0.039,0.585,0.019,0.004,0.007,0.078,0.117,0.028,0.122,0.083,0.143,0.047,0.033,0.005,0.062,0.006,0.111,0.04,0.126,0.014,0.072,0.05,0.062,0.02,0.049,0.06,0.029,0.015,0.007,1.0,0.005,0.02,0.017,0.031,0.008,0.059,0.192,0.042,0.142,0.017,0.007,0.023,0.056,0.279,0.823,0.054,0.079,0.06,0.036,0.049,0.166,0.0,0.041,0.056,0.061,0.085,0.008,0.306,0.017,0.018,0.057,0.026,0.147,0.0,0.011,0.085,0.225,0.532,0.061,0.057,0.046,0.032,0.06,0.025,0.009,0.002,0.082,0.058,0.15,0.0,10222
Cluster-28,0.062,0.006,0.141,0.007,0.553,0.002,0.005,0.438,0.015,0.037,0.014,0.027,0.011,0.541,0.011,0.013,0.016,0.004,0.001,0.09,0.599,0.544,0.751,0.709,0.713,0.622,0.538,0.032,0.695,0.006,0.111,0.616,0.046,0.008,0.381,0.401,0.705,0.005,0.183,0.021,0.014,0.01,0.055,0.169,0.016,0.01,0.036,0.539,0.011,0.025,0.008,0.028,0.884,0.135,0.017,0.497,0.169,0.005,0.089,0.032,0.047,0.016,0.622,0.012,0.197,0.065,0.033,0.028,0.225,0.286,0.012,0.046,0.077,0.043,0.717,0.108,0.347,0.16,0.024,0.016,0.535,0.405,0.696,0.724,0.068,0.023,0.697,0.026,0.006,0.01,0.04,0.566,0.054,0.054,9908
Cluster-29,0.003,0.015,0.159,0.002,0.029,0.003,0.001,0.109,0.02,0.035,1.0,1.0,1.0,0.157,0.046,1.0,0.071,0.004,0.003,0.082,0.039,0.014,0.066,0.04,0.041,0.106,0.063,0.004,0.039,0.004,0.09,0.028,0.224,0.008,0.053,0.096,0.142,0.011,0.058,0.108,0.013,0.008,0.002,0.145,0.004,0.01,0.008,0.052,0.006,0.068,0.748,0.134,0.218,0.017,0.007,0.011,0.046,0.419,0.0,0.111,0.134,0.076,0.014,0.075,0.505,0.004,0.018,0.071,0.031,0.181,0.005,0.137,0.006,0.01,0.038,0.027,0.243,0.144,0.005,0.094,0.072,0.383,0.106,0.069,0.019,0.014,0.034,0.014,0.012,0.0,0.107,0.082,0.18,0.02,9535
Cluster-30,0.01,0.31,0.062,0.029,0.062,0.012,0.049,0.832,0.036,0.344,0.017,0.026,0.018,0.522,0.03,0.016,0.038,0.022,0.011,0.286,0.22,0.016,0.347,0.243,0.158,0.906,0.47,0.011,0.129,0.323,0.063,0.112,0.066,0.008,1.0,0.381,0.382,0.01,1.0,0.029,0.457,0.334,0.006,0.41,0.011,0.066,0.176,0.254,0.008,0.256,0.005,0.047,0.439,1.0,0.04,0.007,1.0,0.069,0.315,0.029,0.045,0.05,0.376,0.035,0.442,0.056,0.503,0.036,0.57,0.338,0.015,0.05,0.026,0.047,0.065,0.553,0.407,0.069,0.025,0.058,0.674,0.243,0.804,0.986,0.477,0.477,0.197,0.216,0.019,0.021,0.097,0.399,0.156,0.204,9153
Cluster-31,0.007,0.013,0.242,0.021,0.026,0.002,0.009,0.574,0.046,0.318,0.611,0.702,0.556,0.68,0.051,0.666,0.086,0.004,0.004,1.0,0.043,0.012,0.073,0.048,0.059,0.588,0.429,0.007,0.048,0.003,0.088,0.054,0.222,0.011,0.155,0.473,0.547,0.011,0.259,0.1,0.018,0.012,0.003,0.164,0.008,0.027,0.014,0.355,0.004,0.057,0.286,0.067,0.863,0.094,0.009,0.02,0.237,0.424,0.317,0.115,0.131,0.086,0.029,0.052,0.182,0.008,0.035,0.078,0.04,0.314,0.005,0.107,0.005,0.021,0.047,0.072,0.177,0.207,0.009,0.078,0.12,0.381,0.566,0.49,0.054,0.024,0.047,0.015,0.009,0.001,0.126,0.282,0.232,0.004,6645
Cluster-32,0.645,0.041,0.034,0.074,0.042,0.604,0.116,0.046,0.017,0.005,0.013,0.024,0.016,0.073,0.014,0.017,0.03,0.264,0.247,0.025,0.257,0.075,0.65,0.689,0.167,0.062,0.031,1.0,0.292,0.01,0.032,0.155,0.089,0.467,0.071,0.018,0.051,0.242,0.056,0.056,0.117,0.068,0.266,0.326,0.402,0.434,1.0,0.414,0.439,0.557,0.007,0.013,0.174,0.011,1.0,0.047,0.062,0.012,0.124,0.044,0.062,0.042,0.799,0.017,0.032,1.0,0.329,0.033,0.146,0.401,1.0,0.081,0.361,0.64,0.383,0.417,0.851,0.79,1.0,0.091,0.314,0.207,0.074,0.155,0.564,0.158,0.325,0.074,0.011,1.0,0.078,0.5,0.194,0.158,6634
Cluster-33,0.209,0.21,0.009,0.829,0.03,1.0,0.828,0.026,0.005,0.038,0.004,0.011,0.002,0.01,0.003,0.006,0.0,0.172,0.293,0.052,0.135,0.015,0.458,0.377,0.026,0.033,0.016,0.57,0.069,0.228,0.022,0.089,0.007,0.068,0.13,0.018,0.014,0.165,0.064,0.003,0.375,0.293,0.209,0.0,0.123,1.0,0.526,0.462,0.163,0.324,0.004,0.015,0.09,0.041,0.808,0.004,0.089,0.023,0.0,0.013,0.014,0.0,0.867,0.007,0.128,0.837,0.452,0.012,0.261,0.218,0.569,0.015,1.0,0.09,0.08,0.487,1.0,1.0,0.599,0.523,0.261,0.453,0.11,0.111,0.967,0.502,0.227,0.075,0.006,0.583,0.023,0.241,0.238,0.236,5793
Cluster-34,0.041,0.011,0.148,0.022,0.03,0.007,0.0,0.678,0.032,1.0,0.022,0.032,0.014,0.68,0.009,0.023,0.163,0.003,0.001,0.831,0.037,0.014,0.057,0.045,0.051,0.863,0.651,0.064,0.04,0.004,0.156,0.039,0.314,0.006,0.148,0.914,0.524,0.004,0.135,0.126,0.012,0.009,0.003,0.205,0.0,0.0,0.011,1.0,0.001,0.052,0.011,0.047,0.144,0.049,0.005,0.024,0.237,0.026,0.111,0.196,0.186,0.147,0.036,0.012,0.01,0.018,0.031,0.13,0.024,0.263,0.006,0.076,0.002,0.019,0.037,0.052,0.044,0.106,0.004,0.001,0.073,0.306,0.707,0.941,0.002,0.015,0.039,0.017,0.008,0.002,0.173,0.165,0.147,0.062,4661
Cluster-35,0.003,0.036,0.673,0.0,0.019,0.0,0.013,0.06,0.577,0.138,0.019,0.055,0.015,0.061,0.434,0.039,0.203,0.012,0.014,0.035,0.201,0.031,0.153,0.109,0.216,0.053,0.056,0.012,0.056,0.007,0.093,0.051,0.198,0.034,0.072,0.24,0.042,0.017,0.058,0.13,0.036,0.025,0.012,0.468,0.021,0.04,0.031,0.063,0.01,0.019,0.003,0.034,0.258,0.02,0.003,0.031,0.029,0.761,0.737,0.157,0.282,0.176,0.008,0.795,0.026,0.01,0.07,0.294,0.084,0.188,0.012,0.212,0.007,0.028,0.057,0.006,0.087,0.223,0.01,0.028,0.342,0.873,0.056,0.082,0.052,0.042,0.101,0.036,0.298,0.001,0.497,0.052,0.357,0.123,4624
Cluster-36,0.015,0.013,0.216,0.012,0.033,0.006,0.017,0.108,0.037,0.036,0.909,0.906,0.856,0.139,0.056,0.846,0.082,0.002,0.002,0.158,0.06,0.016,0.082,0.057,0.078,0.11,0.054,0.01,0.063,0.005,0.109,0.069,0.242,0.002,0.06,0.079,0.164,0.007,0.051,0.093,0.031,0.012,0.001,0.236,0.013,0.007,0.02,0.044,0.004,0.101,0.439,0.087,0.251,0.013,0.013,0.022,0.045,0.189,0.0,0.127,0.148,0.083,0.044,0.069,0.464,0.006,0.035,0.085,0.047,0.139,0.003,0.017,0.009,0.015,0.046,0.031,0.217,0.177,0.009,0.072,0.132,0.357,0.103,0.073,0.026,0.027,0.053,0.031,0.015,0.001,0.107,0.103,0.078,0.032,2073
Cluster-37,0.867,0.026,0.234,0.533,0.019,0.046,0.77,0.05,0.001,0.113,0.495,0.791,0.754,0.057,0.018,0.871,0.04,0.653,0.525,0.0,0.081,0.004,0.174,0.15,0.048,0.052,0.026,0.084,0.124,0.028,0.0,0.099,0.095,0.741,0.067,0.012,0.163,0.494,0.027,0.059,0.065,0.034,0.368,0.0,0.504,0.316,0.189,0.035,0.864,0.677,1.0,1.0,0.0,0.037,0.501,0.0,0.12,0.172,0.0,0.036,0.049,0.02,0.185,0.022,0.194,0.165,0.264,0.018,0.06,0.829,0.462,1.0,0.013,0.748,0.061,0.373,0.478,0.492,0.406,0.979,0.156,1.0,0.137,0.269,0.145,0.064,0.075,0.036,0.013,0.146,0.104,0.169,0.327,0.214,564
Cluster-38,0.586,0.001,0.322,0.022,0.0,0.0,0.121,0.038,0.0,0.013,0.009,0.024,0.01,0.057,0.005,0.042,0.589,0.374,0.231,0.033,0.076,0.006,0.151,0.129,0.06,0.068,0.031,0.079,0.124,0.002,0.589,0.0,0.828,0.646,0.039,0.009,0.082,0.299,0.044,0.553,0.019,0.009,0.051,0.0,0.331,0.0,0.236,0.032,0.567,0.809,0.011,0.082,0.0,0.017,0.466,0.143,0.088,0.031,0.0,0.742,0.561,0.356,0.284,0.009,0.078,0.275,0.16,0.667,0.036,0.553,0.405,0.135,0.032,0.54,0.064,0.159,0.289,0.792,0.274,0.154,0.115,0.0,0.101,0.186,0.048,0.02,0.055,0.004,0.002,0.186,0.834,0.107,0.295,0.434,538
