cluster,n_cells,share,lin1,s1,lin2,s2,lin3,s3,margin12,margin23,other_family,s_other,margin_xfam,frac_cells_other_dominant,other_frac_adjacent,other_score_adj,other_score_nonadj,cycling,median_depth,sublineages,top_genes,other_adj_ratio,flag_margin,flag_bimodal,flag_spillover,mixed,score_Epithelial/tumour,score_Mullerian epithelium (PAX8),score_Mesothelial,score_Ciliated,score_Endothelial,score_Lymphatic EC,score_Fibroblast,score_Ovarian stroma,score_Smooth muscle,score_Pericyte,score_T cell,score_NK,score_B cell,score_Plasma,score_Macrophage,score_Mast,score_Neutrophil,score_Dendritic
Cluster-1,134245,0.116,Mullerian epithelium (PAX8),2.33,Epithelial/tumour,1.76,Mesothelial,1.24,0.57,0.52,Fibroblast,0.24,2.09,0.021,0.087,0.285,0.172,0.1275,2702.0,,CDH16 PTH2R SCGB1D1 COL23A1 LRRTM1 AR ADCYAP1R1 ITGB4 PROM2 SLC22A5 MLPH EPHA10,1.66,False,False,False,False,1.76,2.331,1.243,0.757,0.0,0.0,0.237,0.0,0.01,0.139,0.0,0.001,0.13,0.0,0.0,0.001,0.0,0.0
Cluster-2,103865,0.0897,Mullerian epithelium (PAX8),1.85,Epithelial/tumour,1.81,Ciliated,1.02,0.05,0.79,Pericyte,0.32,1.54,0.075,0.309,0.35,0.285,0.1287,2436.0,,PROM1 PKD1L1 SLC5A5 ITGB3 CCL28 PLIN5 XDH LRG1 DRC1 FGFR3 PADI2 CP,1.23,False,False,False,False,1.807,1.855,1.01,1.019,0.263,0.0,0.0,0.0,0.209,0.319,0.0,0.228,0.097,0.0,0.0,0.0,0.0,0.0
Cluster-3,70910,0.0613,Ovarian stroma,2.41,Fibroblast,1.74,Smooth muscle,1.2,0.67,0.55,Plasma,1.1,1.32,0.115,0.596,0.477,0.103,0.1056,1229.0,Fib CAF/myo (state):2.19 Ovarian stroma:2.01 Pericyte:0.86,NRXN2 CCL11 MME IL1R1 EGR2 LRRC3B PNOC CST1 HOPX RGS4 PRKD1 VSNL1,4.63,False,False,True,False,0.082,0.055,0.275,0.173,0.429,0.583,1.744,2.414,1.195,0.944,0.132,0.368,0.476,1.098,0.362,0.116,0.121,0.048
Cluster-4,70602,0.061,Mullerian epithelium (PAX8),1.74,Epithelial/tumour,1.73,Mesothelial,1.11,0.01,0.62,Pericyte,0.24,1.49,0.072,0.27,0.301,0.266,0.3396,2485.0,,AURKB* MYBL2 E2F1 NMU TICRR TPX2* CHRNA5 NEK2* TK1 CDC20* KIF20A KIF2C*,1.13,False,False,False,False,1.73,1.74,1.107,0.75,0.165,0.0,0.0,0.0,0.234,0.245,0.0,0.194,0.08,0.0,0.0,0.001,0.0,0.0
Cluster-5,61677,0.0533,Epithelial/tumour,1.57,Mullerian epithelium (PAX8),1.38,Mesothelial,0.76,0.19,0.62,Endothelial,0.23,1.34,0.025,0.027,0.178,0.097,0.1382,755.0,,KCNH3 PPP1R1B ITGB3 LIPG H19 MAL PROM1 PTX3 PCK1 CRTAC1 INHBB LAMA3,1.84,False,False,False,False,1.574,1.383,0.763,0.656,0.231,0.0,0.0,0.0,0.136,0.141,0.0,0.154,0.0,0.0,0.0,0.001,0.0,0.0
Cluster-6,59506,0.0514,Ovarian stroma,3.55,Fibroblast,1.75,Smooth muscle,1.6,1.8,0.15,NK,0.65,2.91,0.101,0.195,0.535,0.497,0.0744,934.0,Ovarian stroma:3.86 Pericyte:0.96 Fib adventitial:0.55,TNXB DLK1 DHRS2 GATA4 INHA ECEL1 CCN5 SCN7A CCBE1 SFRP1 SIGLEC11 TYRO3,1.08,False,False,False,False,0.0,0.0,0.453,0.134,0.39,0.615,1.752,3.551,1.6,0.746,0.0,0.645,0.033,0.0,0.088,0.509,0.0,0.0
Cluster-7,51996,0.0449,Fibroblast,2.62,Smooth muscle,0.89,Mesothelial,0.7,1.73,0.18,Mesothelial,0.7,1.91,0.019,0.237,0.383,0.403,0.0754,1314.0,Fib CAF/myo (state):3.83 Fib adventitial:1.95 Pericyte:0.56,MEGF10 MMP11 COL11A1 POSTN MMP13 ADAM12 LRRC15 THBS2 SEMA3D PLAU COL5A2 FAP,0.95,False,False,False,False,0.0,0.0,0.704,0.005,0.123,0.159,2.617,0.0,0.889,0.41,0.0,0.427,0.046,0.0,0.022,0.018,0.009,0.0
Cluster-8,49623,0.0429,Mullerian epithelium (PAX8),2.03,Epithelial/tumour,1.62,Mesothelial,1.29,0.41,0.33,Fibroblast,0.22,1.8,0.029,0.061,0.24,0.153,0.3,2540.0,,ORC6 HPGD RECQL4 BUB1B TICRR SAPCD2 RAD54L TONSL TERT KIF2C* CENPF* PBK,1.57,False,False,False,False,1.615,2.027,1.287,0.576,0.0,0.0,0.223,0.0,0.0,0.154,0.0,0.005,0.102,0.0,0.0,0.0,0.0,0.0
Cluster-9,49247,0.0425,Plasma,0.36,Fibroblast,0.26,Endothelial,0.09,0.1,0.16,Fibroblast,0.26,0.1,0.269,0.533,0.234,0.12,0.0398,80.0,,BAD HTR4 ICOSLG ZNF683 ANGPTL6 CYP17A1 PRMT8 SHFL ID4 GPR3 HOXB7 FGFBP2,1.95,False,False,False,False,0.0,0.0,0.002,0.001,0.092,0.053,0.255,0.0,0.0,0.0,0.06,0.0,0.065,0.357,0.0,0.034,0.0,0.0
Cluster-10,45208,0.0391,Macrophage,3.03,Neutrophil,2.91,Smooth muscle,0.8,0.12,2.11,Smooth muscle,0.8,2.22,0.041,0.481,0.486,0.452,0.0848,1322.0,Mac interstitial:2.16,CHIT1 ADAMDEC1 SLCO2B1 SIGLEC1 MMP9 TREM2 FCGR2A FCGR3A C5AR1 CSF1R CSF3R CMKLR1,1.08,False,False,False,False,0.0,0.0,0.034,0.0,0.388,0.063,0.075,0.078,0.802,0.007,0.329,0.032,0.218,0.44,3.026,0.0,2.908,0.369
Cluster-11,43995,0.038,Mullerian epithelium (PAX8),1.75,Epithelial/tumour,1.61,Mesothelial,1.08,0.14,0.53,Fibroblast,0.21,1.54,0.063,0.063,0.206,0.109,0.1248,1087.0,,CLGN PITX1 SCGB1D2 LRRTM1 SCGB1D1 CDH16 HOXB5 HOXB6 HPGD CACNG4 ITGB4 S100A1,1.89,False,False,False,False,1.61,1.747,1.083,0.576,0.0,0.0,0.206,0.0,0.0,0.132,0.0,0.0,0.083,0.0,0.0,0.0,0.0,0.0
Cluster-12,35756,0.0309,Mullerian epithelium (PAX8),2.0,Epithelial/tumour,1.57,Mesothelial,1.04,0.43,0.53,Fibroblast,0.19,1.81,0.065,0.092,0.216,0.11,0.1107,893.0,,PTH2R COL23A1 CDH16 ADCYAP1R1 LRRTM1 SCGB1D1 EPHA10 AR ITGB4 ALK PROM2 SLC22A5,1.96,False,False,False,False,1.569,1.997,1.044,0.54,0.0,0.0,0.189,0.0,0.0,0.044,0.0,0.0,0.068,0.0,0.0,0.002,0.0,0.0
Cluster-13,35522,0.0307,Fibroblast,1.82,Ovarian stroma,1.17,Smooth muscle,0.69,0.65,0.47,Plasma,0.38,1.44,0.04,0.741,0.132,0.027,0.0537,248.0,Fib CAF/myo (state):2.41 Fib adventitial:1.02 Ovarian stroma:1.02,COMP COL10A1 INHBA ZNF469 MTCL1 PRKD1 SFRP4 ENPP1 NEXN HMCN1 CACNA1C SERPINE1,4.89,False,False,False,False,0.0,0.0,0.211,0.0,0.132,0.135,1.822,1.167,0.695,0.217,0.012,0.161,0.093,0.38,0.0,0.055,0.0,0.0
Cluster-14,34629,0.0299,Neutrophil,2.02,Macrophage,1.97,Mullerian epithelium (PAX8),1.48,0.05,0.49,Mullerian epithelium (PAX8),1.48,0.54,0.472,0.976,1.13,1.049,0.1338,1699.0,Mac interstitial:1.01,FCGBP FBP1 TREM2 CXCL9 CYBB CHRNA6 LPAR5 OLR1 CEBPA TNFRSF11A SLC7A7 CX3CR1,1.08,True,True,False,True,1.267,1.476,0.809,0.392,0.107,0.0,0.135,0.0,0.636,0.032,0.162,0.008,0.103,0.0,1.971,0.0,2.02,0.343
Cluster-15,33443,0.0289,Mullerian epithelium (PAX8),1.99,Epithelial/tumour,1.84,Mesothelial,1.03,0.15,0.8,NK,0.58,1.41,0.066,0.123,0.333,0.444,0.1643,2089.0,,KCNH3 PPP1R1B KLK6 UCA1 DOK7 PTX3 PTPRQ ERFE TMEM100 LIPG TFAP2A GAL,0.75,False,False,False,False,1.838,1.985,1.033,0.697,0.539,0.0,0.0,0.0,0.387,0.277,0.0,0.576,0.085,0.0,0.0,0.031,0.0,0.0
Cluster-16,26204,0.0226,Endothelial,4.09,Lymphatic EC,3.25,Pericyte,2.84,0.84,0.4,Pericyte,2.84,1.25,0.195,0.821,1.498,1.386,0.0903,1126.0,EC tip/angiogenic:3.97 EC arterial:3.92 EC venous:2.27,NOTCH4 CLDN5 CLEC14A FLT4 EGFL7 DLL4 CDH5 SHANK3 KDR ROBO4 GJA5 ESM1,1.08,False,False,False,False,0.0,0.0,0.091,0.725,4.089,3.246,0.637,1.164,0.895,2.843,0.04,0.032,0.012,0.02,0.25,0.488,0.0,0.004
Cluster-17,23515,0.0203,Plasma,4.86,B cell,2.97,Ovarian stroma,1.34,1.89,1.63,Ovarian stroma,1.34,3.53,0.018,0.823,0.418,0.241,0.1074,1149.0,,POU2AF1 CD79A MZB1 FCRL5 IRF4 TNFRSF17 TENT5C DERL3 KCNA3 PIM2 CD19 CCR2,1.73,False,False,True,False,0.083,0.151,0.174,0.01,0.566,0.273,1.032,1.336,0.461,0.297,0.655,0.026,2.967,4.861,0.817,0.064,0.455,0.44
Cluster-18,22410,0.0194,T cell,3.39,Mullerian epithelium (PAX8),1.4,Epithelial/tumour,1.27,1.99,0.13,Mullerian epithelium (PAX8),1.4,1.99,0.307,0.977,1.068,0.898,0.1503,1546.0,,KLRK1 CD7 TNFRSF18 CD8A GPR174 ITGAE GZMA FASLG IL2RB TIGIT SIRPG LTA,1.19,False,True,False,True,1.267,1.397,0.817,0.417,0.0,0.0,0.133,0.0,0.0,0.002,3.391,0.96,0.327,0.459,0.187,0.001,0.252,0.032
Cluster-19,19714,0.017,Macrophage,2.52,Neutrophil,2.16,Smooth muscle,0.64,0.37,1.52,Smooth muscle,0.64,1.89,0.083,0.622,0.281,0.205,0.0661,417.0,Mac interstitial:1.94,MMP12 HSPA6 WDFY4 SIGLEC1 LAIR1 CD163 STAB1 CD300E TREM1 CCL8 MRC1 CSF3R,1.37,False,False,False,False,0.0,0.0,0.05,0.0,0.229,0.011,0.095,0.088,0.636,0.007,0.161,0.0,0.097,0.284,2.523,0.024,2.156,0.379
Cluster-20,19383,0.0167,Macrophage,1.73,Epithelial/tumour,1.4,Neutrophil,1.4,0.33,0.0,Epithelial/tumour,1.4,0.33,0.488,0.972,1.303,1.18,0.1773,1590.0,Mac interstitial:0.76,CD300E MMP9 FCGBP CLEC5A IL1RN MMP12 TNFRSF11A SLC39A8 TREM1 UBD CCL7 IL1B,1.1,True,True,False,True,1.404,1.186,0.717,0.616,0.145,0.0,0.0,0.0,0.482,0.094,0.0,0.096,0.038,0.0,1.73,0.0,1.401,0.271
Cluster-21,18850,0.0163,Epithelial/tumour,1.71,Mullerian epithelium (PAX8),1.69,Mesothelial,0.95,0.02,0.73,NK,0.56,1.14,0.026,0.112,0.362,0.453,0.3992,2249.0,,PPP1R1B TMEM100 CDC20* KCNH3 AURKB* TOP2A* PIMREG* CCNB1 KIF20A TPX2* UBE2C* CENPF*,0.8,False,False,False,False,1.706,1.688,0.954,0.447,0.328,0.0,0.0,0.0,0.384,0.259,0.0,0.562,0.094,0.0,0.0,0.014,0.0,0.0
Cluster-22,18784,0.0162,T cell,3.08,NK,1.24,Epithelial/tumour,1.19,1.84,0.05,Epithelial/tumour,1.19,1.89,0.416,0.967,1.127,0.845,0.194,1373.0,,GZMB CD7 TNFRSF18 GZMA IL2RB CD247 PRF1 ITGAE XCL2 KLRC1 FASLG TMIGD2,1.33,False,True,False,True,1.193,0.823,0.521,0.541,0.054,0.014,0.0,0.0,0.0,0.019,3.082,1.243,0.171,0.503,0.26,0.0,0.082,0.032
Cluster-23,16246,0.014,Ovarian stroma,2.9,Fibroblast,1.5,Smooth muscle,1.25,1.4,0.25,NK,0.47,2.43,0.146,0.29,0.288,0.277,0.0491,332.0,Ovarian stroma:3.18 Pericyte:0.66 Fib adventitial:0.47,TNXB DLK1 DHRS2 ECEL1 SFRP1 GATA4 MAOB TCF21 SCN7A FOXL2 CPXM2 AOX1,1.04,False,False,False,False,0.0,0.0,0.193,0.056,0.251,0.398,1.497,2.901,1.249,0.465,0.0,0.472,0.0,0.0,0.033,0.31,0.0,0.0
Cluster-24,16218,0.014,T cell,3.76,Fibroblast,1.75,Plasma,1.66,2.01,0.09,Fibroblast,1.75,2.01,0.223,0.895,1.038,0.731,0.1041,988.0,,CD5 CD3E CD2 CCR4 CD6 CXCR3 FOXP3 TIGIT CTLA4 CD3G CD8A GZMK,1.42,False,False,False,False,0.0,0.0,0.206,0.025,0.246,0.531,1.754,1.623,0.75,0.493,3.763,0.923,1.033,1.661,0.631,0.104,0.249,0.152
Cluster-25,12999,0.0112,Macrophage,2.44,Neutrophil,2.29,Epithelial/tumour,0.88,0.15,1.41,Epithelial/tumour,0.88,1.56,0.103,0.95,0.895,0.726,0.1447,1538.0,Mac interstitial:1.26,CD300E CLEC5A MMP9 IL1RN ADGRE2 FCGBP TNFRSF11A CCL8 OSM IL1B TREM2 FPR1,1.23,False,False,False,False,0.879,0.49,0.347,0.406,0.251,0.015,0.003,0.152,0.739,0.03,0.085,0.048,0.011,0.009,2.436,0.0,2.291,0.349
Cluster-26,12664,0.0109,Macrophage,1.78,Neutrophil,1.22,Smooth muscle,0.32,0.57,0.89,Smooth muscle,0.32,1.46,0.066,0.621,0.152,0.099,0.0528,187.0,Mac interstitial:1.38,MMP12 BCL2A1 HSPA6 CD36 MRC1 CD163 WDFY4 LAIR1 PILRA ADM STAB1 NCF4,1.54,False,False,False,False,0.0,0.0,0.049,0.0,0.027,0.0,0.156,0.039,0.321,0.0,0.0,0.0,0.0,0.0,1.781,0.073,1.216,0.136
Cluster-27,10222,0.0088,T cell,3.45,Plasma,0.7,NK,0.5,2.74,0.21,Lymphatic EC,0.27,3.18,0.009,0.098,0.076,0.028,0.0751,271.0,,ACAP1 ZAP70 CD96 CD6 CD2 LCK CD5 GZMH CD8A FOXP3 CTLA4 UBASH3A,2.71,False,False,False,False,0.0,0.0,0.042,0.0,0.053,0.265,0.239,0.164,0.037,0.012,3.446,0.497,0.492,0.704,0.083,0.072,0.0,0.025
Cluster-28,9908,0.0086,Neutrophil,2.28,Fibroblast,2.08,Macrophage,2.06,0.2,0.02,Fibroblast,2.08,0.2,0.695,0.953,1.579,1.262,0.0768,969.0,Mac interstitial:1.77,MMP11 CX3CR1 POSTN COL11A1 MSR1 PLAU MMP13 ADAM12 C5AR1 FCGR1A LPAR5 LRRC15,1.25,True,True,False,True,0.0,0.0,0.523,0.0,0.221,0.078,2.081,0.004,1.188,0.245,0.02,0.03,0.016,0.009,2.058,0.0,2.278,0.284
Cluster-29,9535,0.0082,T cell,4.3,NK,1.48,Plasma,1.0,2.82,0.49,Macrophage,0.47,3.82,0.053,0.73,0.507,0.252,0.1069,905.0,,IL2RB GZMB GZMA CD247 PRF1 CD7 CD8A TNFRSF18 GZMH FASLG CTLA4 XCL2,2.01,False,False,False,False,0.001,0.0,0.005,0.0,0.082,0.111,0.012,0.009,0.0,0.0,4.299,1.484,0.571,0.998,0.475,0.023,0.345,0.06
Cluster-30,9153,0.0079,Macrophage,2.97,Ovarian stroma,2.43,Neutrophil,1.84,0.54,0.59,Ovarian stroma,2.43,0.54,0.151,0.947,0.943,0.726,0.0771,960.0,Mac interstitial:3.00,LILRB5 CD209 MRC1 FOLR2 CLEC10A F13A1 CR1 CLEC4M STAB1 CSF1R CD14 CCL13,1.3,True,False,False,True,0.0,0.0,0.072,0.042,0.558,0.614,1.366,2.432,1.365,0.531,0.072,0.309,0.303,0.645,2.97,0.177,1.842,0.39
Cluster-31,6645,0.0057,T cell,3.67,Macrophage,2.31,Neutrophil,1.98,1.36,0.32,Macrophage,2.31,1.36,0.386,0.865,1.717,1.65,0.1234,1222.0,,CCL22 CTLA4 CXCL13 CCL19 CD8A CD2 CXCR3 CD3E CD5 TIGIT ICOS CXCL9,1.04,False,True,False,True,0.0,0.0,0.0,0.0,0.264,0.143,0.008,0.009,0.559,0.001,3.667,0.66,0.736,0.741,2.305,0.017,1.983,0.696
Cluster-32,6634,0.0057,Pericyte,4.05,Endothelial,2.69,Smooth muscle,1.91,1.36,0.78,Endothelial,2.69,1.36,0.243,0.818,1.217,1.436,0.1124,1279.0,Pericyte:4.20 Fib CAF/myo (state):1.80 SM vascular:1.50,CSPG4 AVPR1A RGS5 MCAM PLXDC1 ENPEP CD248 GJC1 CCDC102B TBX2 PGF ANGPT2,0.85,False,False,False,False,0.0,0.0,0.033,1.156,2.692,1.909,1.497,1.175,1.909,4.054,0.019,0.001,0.061,0.213,0.017,0.333,0.0,0.031
Cluster-33,5793,0.005,Pericyte,3.48,Smooth muscle,2.22,Ovarian stroma,2.17,1.26,0.05,Endothelial,1.85,1.63,0.238,0.755,0.709,0.507,0.0639,540.0,Pericyte:3.42 Ovarian stroma:2.32 SM vascular:2.13,AOC3 MCAM CSPG4 SLIT3 WFDC1 PARM1 LDB3 RGS5 TBX2 PLN REN ASPN,1.4,False,False,False,False,0.0,0.0,0.023,0.924,1.848,1.723,1.358,2.167,2.221,3.478,0.0,0.0,0.0,0.0,0.091,0.206,0.0,0.001
Cluster-34,4661,0.004,Macrophage,2.49,Neutrophil,2.23,Smooth muscle,0.91,0.26,1.32,Smooth muscle,0.91,1.58,0.093,0.313,0.613,0.593,0.3983,1993.0,Mac interstitial:1.44,HMMR* FCGBP TNFRSF11A CDCA2* RRM2* UHRF1* TOP2A* MKI67* TREM2 ASPM CLEC5A AURKA*,1.03,False,False,False,False,0.231,0.216,0.157,0.037,0.189,0.0,0.013,0.0,0.911,0.218,0.161,0.018,0.046,0.044,2.492,0.009,2.229,0.663
Cluster-35,4624,0.004,Plasma,3.9,B cell,2.34,Mullerian epithelium (PAX8),0.65,1.56,1.69,Mullerian epithelium (PAX8),0.65,3.25,0.056,0.142,0.503,0.44,0.0771,291.0,,MZB1 IRF4 FCRL5 CD19 POU2AF1 CD79A FCRL2 DERL3 TNFRSF17 TENT5C CD79B MS4A1,1.14,False,False,False,False,0.314,0.645,0.305,0.038,0.29,0.221,0.426,0.353,0.075,0.065,0.357,0.0,2.336,3.895,0.019,0.026,0.112,0.131
Cluster-36,2073,0.0018,T cell,4.12,NK,1.17,Plasma,0.98,2.95,0.19,Macrophage,0.45,3.67,0.054,0.695,0.556,0.303,0.4304,1525.0,,CXCL13 GZMB GZMA ITGAE ICOS CD2 CTLA4 CD247 CXCR3 TIGIT ASPM CD3E,1.83,False,False,False,False,0.024,0.0,0.037,0.0,0.0,0.042,0.021,0.126,0.0,0.014,4.12,1.174,0.584,0.982,0.45,0.051,0.341,0.101
Cluster-37,564,0.0005,T cell,3.83,Endothelial,3.55,Lymphatic EC,2.34,0.28,1.21,Endothelial,3.55,0.28,0.411,0.883,2.108,1.879,0.1014,1102.5,,S1PR5 GZMH FGFBP2 KDR S1PR1 APLNR TBX21 PRF1 CX3CR1 KLRD1 ADGRL4 CST7,1.12,True,True,False,True,0.0,0.0,0.0,0.416,3.552,2.344,0.478,0.831,0.326,2.109,3.83,1.8,0.248,0.348,0.17,0.381,0.241,0.05
Cluster-38,538,0.0005,Endothelial,2.84,Pericyte,2.15,Lymphatic EC,1.79,0.69,0.36,Pericyte,2.15,0.69,0.296,0.559,1.26,1.139,0.1284,2090.0,EC tip/angiogenic:3.31 EC arterial:1.55 Lymphatic:1.23,KDR ESM1 ADGRL4 GABRD APLN BCL6B PGF NES NOTCH4 CDH5 CLEC14A CD34,1.11,True,False,False,True,1.364,1.453,1.041,1.112,2.838,1.788,0.401,0.292,0.171,2.153,0.133,0.065,0.07,0.0,0.121,0.433,0.012,0.0
