source_label,lineage,kind,n_cells,share,evidence,note
Cluster-1,Tumour,lineage,134245,0.116,"top3 (log2 enrichment over median cluster): Mullerian epithelium (PAX8) 2.33, Epithelial/tumour 1.76, Mesothelial 1.24; margin12 0.57; other family Fibroblast 0.24 (margin 2.09, 2% cells other-dominant, 9% adjacent, adj/non-adj x1.66); sub: -; cycling 0.1275; depth 2702; top genes CDH16 PTH2R SCGB1D1 COL23A1 LRRTM1 AR ADCYAP1R1 ITGB4 PROM2 SLC22A5 MLPH EPHA10",PAX8 CDH16 PTH2R SCGB1D1 AR programme
Cluster-2,Tumour,lineage,103865,0.0897,"top3 (log2 enrichment over median cluster): Mullerian epithelium (PAX8) 1.85, Epithelial/tumour 1.81, Ciliated 1.02; margin12 0.05; other family Pericyte 0.32 (margin 1.54, 8% cells other-dominant, 31% adjacent, adj/non-adj x1.23); sub: -; cycling 0.1287; depth 2436; top genes PROM1 PKD1L1 SLC5A5 ITGB3 CCL28 PLIN5 XDH LRG1 DRC1 FGFR3 PADI2 CP",PAX8 PROM1 CCL28 (ciliated-like 1.02)
Cluster-3,Ovarian stroma,lineage,70910,0.0613,"top3 (log2 enrichment over median cluster): Ovarian stroma 2.41, Fibroblast 1.74, Smooth muscle 1.2; margin12 0.67; other family Plasma 1.1 (margin 1.32, 12% cells other-dominant, 60% adjacent, adj/non-adj x4.63); sub: Fib CAF/myo (state):2.19 Ovarian stroma:2.01 Pericyte:0.86; cycling 0.1056; depth 1229; top genes NRXN2 CCL11 MME IL1R1 EGR2 LRRC3B PNOC CST1 HOPX RGS4 PRKD1 VSNL1",FOXL2 3.2 GATA4 2.6 NR5A1 2.4 with MME CCL11; CAF 2.19 ~ ovarian-stroma 2.01 (GREY); plasma spillover x4.6 | auto-flags: spillover
Cluster-4,Tumour,state,70602,0.061,"top3 (log2 enrichment over median cluster): Mullerian epithelium (PAX8) 1.74, Epithelial/tumour 1.73, Mesothelial 1.11; margin12 0.01; other family Pericyte 0.24 (margin 1.49, 7% cells other-dominant, 27% adjacent, adj/non-adj x1.13); sub: -; cycling 0.3396; depth 2485; top genes AURKB* MYBL2 E2F1 NMU TICRR TPX2* CHRNA5 NEK2* TK1 CDC20* KIF20A KIF2C*",cycling tumour (AURKB TPX2 MYBL2)
Cluster-5,Tumour,lineage,61677,0.0533,"top3 (log2 enrichment over median cluster): Epithelial/tumour 1.57, Mullerian epithelium (PAX8) 1.38, Mesothelial 0.76; margin12 0.19; other family Endothelial 0.23 (margin 1.34, 2% cells other-dominant, 3% adjacent, adj/non-adj x1.84); sub: -; cycling 0.1382; depth 755; top genes KCNH3 PPP1R1B ITGB3 LIPG H19 MAL PROM1 PTX3 PCK1 CRTAC1 INHBB LAMA3",PPP1R1B KCNH3 ITGB3 programme; GREY: distinct tumour programme (5/15/21)
Cluster-6,Ovarian stroma,lineage,59506,0.0514,"top3 (log2 enrichment over median cluster): Ovarian stroma 3.55, Fibroblast 1.75, Smooth muscle 1.6; margin12 1.8; other family NK 0.65 (margin 2.91, 10% cells other-dominant, 20% adjacent, adj/non-adj x1.08); sub: Ovarian stroma:3.86 Pericyte:0.96 Fib adventitial:0.55; cycling 0.0744; depth 934; top genes TNXB DLK1 DHRS2 GATA4 INHA ECEL1 CCN5 SCN7A CCBE1 SFRP1 SIGLEC11 TYRO3",FOXL2 4.5 GATA4 4.7 DLK1 INHA TNXB
Cluster-7,Fibroblasts,state,51996,0.0449,"top3 (log2 enrichment over median cluster): Fibroblast 2.62, Smooth muscle 0.89, Mesothelial 0.7; margin12 1.73; other family Mesothelial 0.7 (margin 1.91, 2% cells other-dominant, 24% adjacent, adj/non-adj x0.95); sub: Fib CAF/myo (state):3.83 Fib adventitial:1.95 Pericyte:0.56; cycling 0.0754; depth 1314; top genes MEGF10 MMP11 COL11A1 POSTN MMP13 ADAM12 LRRC15 THBS2 SEMA3D PLAU COL5A2 FAP",myCAF (COL11A1 POSTN MMP11 LRRC15 FAP); FOXL2 0
Cluster-8,Tumour,state,49623,0.0429,"top3 (log2 enrichment over median cluster): Mullerian epithelium (PAX8) 2.03, Epithelial/tumour 1.62, Mesothelial 1.29; margin12 0.41; other family Fibroblast 0.22 (margin 1.8, 3% cells other-dominant, 6% adjacent, adj/non-adj x1.57); sub: -; cycling 0.3; depth 2540; top genes ORC6 HPGD RECQL4 BUB1B TICRR SAPCD2 RAD54L TONSL TERT KIF2C* CENPF* PBK",cycling tumour (BUB1B TERT RAD54L)
Cluster-9,Unassigned,mixed,49247,0.0425,"top3 (log2 enrichment over median cluster): Plasma 0.36, Fibroblast 0.26, Endothelial 0.09; margin12 0.1; other family Fibroblast 0.26 (margin 0.1, 27% cells other-dominant, 53% adjacent, adj/non-adj x1.95); sub: -; cycling 0.0398; depth 80; top genes BAD HTR4 ICOSLG ZNF683 ANGPTL6 CYP17A1 PRMT8 SHFL ID4 GPR3 HOXB7 FGFBP2","median depth 80, no lineage >0.4 (ZNF683 CYP17A1 HOXB7 noise genes) -> Unassigned proposed (GSE low-depth precedent)"
Cluster-10,Macrophages,lineage,45208,0.0391,"top3 (log2 enrichment over median cluster): Macrophage 3.03, Neutrophil 2.91, Smooth muscle 0.8; margin12 0.12; other family Smooth muscle 0.8 (margin 2.22, 4% cells other-dominant, 48% adjacent, adj/non-adj x1.08); sub: Mac interstitial:2.16; cycling 0.0848; depth 1322; top genes CHIT1 ADAMDEC1 SLCO2B1 SIGLEC1 MMP9 TREM2 FCGR2A FCGR3A C5AR1 CSF1R CSF3R CMKLR1",CHIT1 TREM2 SIGLEC1 MMP9 CSF1R
Cluster-11,Tumour,lineage,43995,0.038,"top3 (log2 enrichment over median cluster): Mullerian epithelium (PAX8) 1.75, Epithelial/tumour 1.61, Mesothelial 1.08; margin12 0.14; other family Fibroblast 0.21 (margin 1.54, 6% cells other-dominant, 6% adjacent, adj/non-adj x1.89); sub: -; cycling 0.1248; depth 1087; top genes CLGN PITX1 SCGB1D2 LRRTM1 SCGB1D1 CDH16 HOXB5 HOXB6 HPGD CACNG4 ITGB4 S100A1",PAX8 CDH16 SCGB1D1/2 PITX1 HOXB5/6
Cluster-12,Tumour,lineage,35756,0.0309,"top3 (log2 enrichment over median cluster): Mullerian epithelium (PAX8) 2.0, Epithelial/tumour 1.57, Mesothelial 1.04; margin12 0.43; other family Fibroblast 0.19 (margin 1.81, 6% cells other-dominant, 9% adjacent, adj/non-adj x1.96); sub: -; cycling 0.1107; depth 893; top genes PTH2R COL23A1 CDH16 ADCYAP1R1 LRRTM1 SCGB1D1 EPHA10 AR ITGB4 ALK PROM2 SLC22A5",PAX8 CDH16 PTH2R SCGB1D1 AR
Cluster-13,Fibroblasts,state,35522,0.0307,"top3 (log2 enrichment over median cluster): Fibroblast 1.82, Ovarian stroma 1.17, Smooth muscle 0.69; margin12 0.65; other family Plasma 0.38 (margin 1.44, 4% cells other-dominant, 74% adjacent, adj/non-adj x4.89); sub: Fib CAF/myo (state):2.41 Fib adventitial:1.02 Ovarian stroma:1.02; cycling 0.0537; depth 248; top genes COMP COL10A1 INHBA ZNF469 MTCL1 PRKD1 SFRP4 ENPP1 NEXN HMCN1 CACNA1C SERPINE1",CAF (COMP COL10A1 INHBA COL11A1 2.9) with FOXL2 1.6: GREY origin (ovarian stroma vs fibroblast)
Cluster-14,Macrophages,mixed,34629,0.0299,"top3 (log2 enrichment over median cluster): Neutrophil 2.02, Macrophage 1.97, Mullerian epithelium (PAX8) 1.48; margin12 0.05; other family Mullerian epithelium (PAX8) 1.48 (margin 0.54, 47% cells other-dominant, 98% adjacent, adj/non-adj x1.08); sub: Mac interstitial:1.01; cycling 0.1338; depth 1699; top genes FCGBP FBP1 TREM2 CXCL9 CYBB CHRNA6 LPAR5 OLR1 CEBPA TNFRSF11A SLC7A7 CX3CR1","TREM2 CXCL9 CYBB FBP1 macrophages; PAX8/tumour 1.48, 47% of cells tumour-dominant, 98% tumour-adjacent | auto-flags: margin,bimodal"
Cluster-15,Tumour,lineage,33443,0.0289,"top3 (log2 enrichment over median cluster): Mullerian epithelium (PAX8) 1.99, Epithelial/tumour 1.84, Mesothelial 1.03; margin12 0.15; other family NK 0.58 (margin 1.41, 7% cells other-dominant, 12% adjacent, adj/non-adj x0.75); sub: -; cycling 0.1643; depth 2089; top genes KCNH3 PPP1R1B KLK6 UCA1 DOK7 PTX3 PTPRQ ERFE TMEM100 LIPG TFAP2A GAL",PPP1R1B KCNH3 KLK6 UCA1
Cluster-16,Endothelial cells,lineage,26204,0.0226,"top3 (log2 enrichment over median cluster): Endothelial 4.09, Lymphatic EC 3.25, Pericyte 2.84; margin12 0.84; other family Pericyte 2.84 (margin 1.25, 20% cells other-dominant, 82% adjacent, adj/non-adj x1.08); sub: EC tip/angiogenic:3.97 EC arterial:3.92 EC venous:2.27; cycling 0.0903; depth 1126; top genes NOTCH4 CLDN5 CLEC14A FLT4 EGFL7 DLL4 CDH5 SHANK3 KDR ROBO4 GJA5 ESM1",CLDN5 CDH5 DLL4 NOTCH4 GJA5 4.2 FLT4 4.9 SELP 2.8 PROX1 1.6: arterial/venous/lymphatic not separated by graphclust (GREY)
Cluster-17,Plasma cells,lineage,23515,0.0203,"top3 (log2 enrichment over median cluster): Plasma 4.86, B cell 2.97, Ovarian stroma 1.34; margin12 1.89; other family Ovarian stroma 1.34 (margin 3.53, 2% cells other-dominant, 82% adjacent, adj/non-adj x1.73); sub: -; cycling 0.1074; depth 1149; top genes POU2AF1 CD79A MZB1 FCRL5 IRF4 TNFRSF17 TENT5C DERL3 KCNA3 PIM2 CD19 CCR2",MZB1 TNFRSF17 IRF4 POU2AF1 | auto-flags: spillover
Cluster-18,T/NK cells,mixed,22410,0.0194,"top3 (log2 enrichment over median cluster): T cell 3.39, Mullerian epithelium (PAX8) 1.4, Epithelial/tumour 1.27; margin12 1.99; other family Mullerian epithelium (PAX8) 1.4 (margin 1.99, 31% cells other-dominant, 98% adjacent, adj/non-adj x1.19); sub: -; cycling 0.1503; depth 1546; top genes KLRK1 CD7 TNFRSF18 CD8A GPR174 ITGAE GZMA FASLG IL2RB TIGIT SIRPG LTA","CD8 TRM (ITGAE KLRK1 CD7); PAX8 1.40, 31% of cells tumour-dominant, 98% tumour-adjacent | auto-flags: bimodal"
Cluster-19,Macrophages,lineage,19714,0.017,"top3 (log2 enrichment over median cluster): Macrophage 2.52, Neutrophil 2.16, Smooth muscle 0.64; margin12 0.37; other family Smooth muscle 0.64 (margin 1.89, 8% cells other-dominant, 62% adjacent, adj/non-adj x1.37); sub: Mac interstitial:1.94; cycling 0.0661; depth 417; top genes MMP12 HSPA6 WDFY4 SIGLEC1 LAIR1 CD163 STAB1 CD300E TREM1 CCL8 MRC1 CSF3R",MMP12 CD163 STAB1 SIGLEC1
Cluster-20,Macrophages,mixed,19383,0.0167,"top3 (log2 enrichment over median cluster): Macrophage 1.73, Epithelial/tumour 1.4, Neutrophil 1.4; margin12 0.33; other family Epithelial/tumour 1.4 (margin 0.33, 49% cells other-dominant, 97% adjacent, adj/non-adj x1.1); sub: Mac interstitial:0.76; cycling 0.1773; depth 1590; top genes CD300E MMP9 FCGBP CLEC5A IL1RN MMP12 TNFRSF11A SLC39A8 TREM1 UBD CCL7 IL1B","CD300E CLEC5A MMP9 IL1B (monocyte-derived); tumour 1.40 within 0.33, 49% tumour-dominant | auto-flags: margin,bimodal"
Cluster-21,Tumour,state,18850,0.0163,"top3 (log2 enrichment over median cluster): Epithelial/tumour 1.71, Mullerian epithelium (PAX8) 1.69, Mesothelial 0.95; margin12 0.02; other family NK 0.56 (margin 1.14, 3% cells other-dominant, 11% adjacent, adj/non-adj x0.8); sub: -; cycling 0.3992; depth 2249; top genes PPP1R1B TMEM100 CDC20* KCNH3 AURKB* TOP2A* PIMREG* CCNB1 KIF20A TPX2* UBE2C* CENPF*",cycling tumour of the PPP1R1B/KCNH3 programme
Cluster-22,T/NK cells,mixed,18784,0.0162,"top3 (log2 enrichment over median cluster): T cell 3.08, NK 1.24, Epithelial/tumour 1.19; margin12 1.84; other family Epithelial/tumour 1.19 (margin 1.89, 42% cells other-dominant, 97% adjacent, adj/non-adj x1.33); sub: -; cycling 0.194; depth 1373; top genes GZMB CD7 TNFRSF18 GZMA IL2RB CD247 PRF1 ITGAE XCL2 KLRC1 FASLG TMIGD2","GZMB PRF1 KLRC1 ITGAE cytotoxic; tumour 1.19, 42% tumour-dominant, 97% tumour-adjacent | auto-flags: bimodal"
Cluster-23,Ovarian stroma,lineage,16246,0.014,"top3 (log2 enrichment over median cluster): Ovarian stroma 2.9, Fibroblast 1.5, Smooth muscle 1.25; margin12 1.4; other family NK 0.47 (margin 2.43, 15% cells other-dominant, 29% adjacent, adj/non-adj x1.04); sub: Ovarian stroma:3.18 Pericyte:0.66 Fib adventitial:0.47; cycling 0.0491; depth 332; top genes TNXB DLK1 DHRS2 ECEL1 SFRP1 GATA4 MAOB TCF21 SCN7A FOXL2 CPXM2 AOX1",FOXL2 3.9 GATA4 4.0 DLK1 TCF21; median depth 332
Cluster-24,T/NK cells,lineage,16218,0.014,"top3 (log2 enrichment over median cluster): T cell 3.76, Fibroblast 1.75, Plasma 1.66; margin12 2.01; other family Fibroblast 1.75 (margin 2.01, 22% cells other-dominant, 90% adjacent, adj/non-adj x1.42); sub: -; cycling 0.1041; depth 988; top genes CD5 CD3E CD2 CCR4 CD6 CXCR3 FOXP3 TIGIT CTLA4 CD3G CD8A GZMK",CD4 T / Treg (FOXP3 CTLA4 CCR4 CD5)
Cluster-25,Macrophages,lineage,12999,0.0112,"top3 (log2 enrichment over median cluster): Macrophage 2.44, Neutrophil 2.29, Epithelial/tumour 0.88; margin12 0.15; other family Epithelial/tumour 0.88 (margin 1.56, 10% cells other-dominant, 95% adjacent, adj/non-adj x1.23); sub: Mac interstitial:1.26; cycling 0.1447; depth 1538; top genes CD300E CLEC5A MMP9 IL1RN ADGRE2 FCGBP TNFRSF11A CCL8 OSM IL1B TREM2 FPR1",CD300E CLEC5A MMP9 IL1B OSM (inflammatory monocyte-derived state)
Cluster-26,Macrophages,lineage,12664,0.0109,"top3 (log2 enrichment over median cluster): Macrophage 1.78, Neutrophil 1.22, Smooth muscle 0.32; margin12 0.57; other family Smooth muscle 0.32 (margin 1.46, 7% cells other-dominant, 62% adjacent, adj/non-adj x1.54); sub: Mac interstitial:1.38; cycling 0.0528; depth 187; top genes MMP12 BCL2A1 HSPA6 CD36 MRC1 CD163 WDFY4 LAIR1 PILRA ADM STAB1 NCF4",MMP12 MRC1 CD163 HSPA6; median depth 187
Cluster-27,T/NK cells,lineage,10222,0.0088,"top3 (log2 enrichment over median cluster): T cell 3.45, Plasma 0.7, NK 0.5; margin12 2.74; other family Lymphatic EC 0.27 (margin 3.18, 1% cells other-dominant, 10% adjacent, adj/non-adj x2.71); sub: -; cycling 0.0751; depth 271; top genes ACAP1 ZAP70 CD96 CD6 CD2 LCK CD5 GZMH CD8A FOXP3 CTLA4 UBASH3A",ZAP70 CD6 CD5 LCK GZMH
Cluster-28,Macrophages,mixed,9908,0.0086,"top3 (log2 enrichment over median cluster): Neutrophil 2.28, Fibroblast 2.08, Macrophage 2.06; margin12 0.2; other family Fibroblast 2.08 (margin 0.2, 70% cells other-dominant, 95% adjacent, adj/non-adj x1.25); sub: Mac interstitial:1.77; cycling 0.0768; depth 969; top genes MMP11 CX3CR1 POSTN COL11A1 MSR1 PLAU MMP13 ADAM12 C5AR1 FCGR1A LPAR5 LRRC15","macrophage (MSR1 C5AR1 FCGR1A CX3CR1) + CAF (COL11A1 POSTN MMP11 LRRC15): fibroblast 2.08 vs neutrophil/macrophage 2.28/2.06, 70% fibroblast-dominant | auto-flags: margin,bimodal"
Cluster-29,T/NK cells,lineage,9535,0.0082,"top3 (log2 enrichment over median cluster): T cell 4.3, NK 1.48, Plasma 1.0; margin12 2.82; other family Macrophage 0.47 (margin 3.82, 5% cells other-dominant, 73% adjacent, adj/non-adj x2.01); sub: -; cycling 0.1069; depth 905; top genes IL2RB GZMB GZMA CD247 PRF1 CD7 CD8A TNFRSF18 GZMH FASLG CTLA4 XCL2",cytotoxic CD8/NK (IL2RB GZMB PRF1)
Cluster-30,Macrophages,mixed,9153,0.0079,"top3 (log2 enrichment over median cluster): Macrophage 2.97, Ovarian stroma 2.43, Neutrophil 1.84; margin12 0.54; other family Ovarian stroma 2.43 (margin 0.54, 15% cells other-dominant, 95% adjacent, adj/non-adj x1.3); sub: Mac interstitial:3.00; cycling 0.0771; depth 960; top genes LILRB5 CD209 MRC1 FOLR2 CLEC10A F13A1 CR1 CLEC4M STAB1 CSF1R CD14 CCL13",resident FOLR2 LILRB5 CD209 F13A1 macrophages; ovarian stroma 2.43 within 0.54 (95% stroma-adjacent) | auto-flags: margin
Cluster-31,T/NK cells,mixed,6645,0.0057,"top3 (log2 enrichment over median cluster): T cell 3.67, Macrophage 2.31, Neutrophil 1.98; margin12 1.36; other family Macrophage 2.31 (margin 1.36, 39% cells other-dominant, 86% adjacent, adj/non-adj x1.04); sub: -; cycling 0.1234; depth 1222; top genes CCL22 CTLA4 CXCL13 CCL19 CD8A CD2 CXCR3 CD3E CD5 TIGIT ICOS CXCL9","T (CTLA4 CXCL13 CD8A) + mregDC-like (CCL22 CCL19); macrophage 2.31, 39% myeloid-dominant | auto-flags: bimodal"
Cluster-32,Pericytes,lineage,6634,0.0057,"top3 (log2 enrichment over median cluster): Pericyte 4.05, Endothelial 2.69, Smooth muscle 1.91; margin12 1.36; other family Endothelial 2.69 (margin 1.36, 24% cells other-dominant, 82% adjacent, adj/non-adj x0.85); sub: Pericyte:4.20 Fib CAF/myo (state):1.80 SM vascular:1.50; cycling 0.1124; depth 1279; top genes CSPG4 AVPR1A RGS5 MCAM PLXDC1 ENPEP CD248 GJC1 CCDC102B TBX2 PGF ANGPT2",RGS5 4.2 KCNJ8 4.0 CSPG4
Cluster-33,Smooth muscle cells,lineage,5793,0.005,"top3 (log2 enrichment over median cluster): Pericyte 3.48, Smooth muscle 2.22, Ovarian stroma 2.17; margin12 1.26; other family Endothelial 1.85 (margin 1.63, 24% cells other-dominant, 76% adjacent, adj/non-adj x1.4); sub: Pericyte:3.42 Ovarian stroma:2.32 SM vascular:2.13; cycling 0.0639; depth 540; top genes AOC3 MCAM CSPG4 SLIT3 WFDC1 PARM1 LDB3 RGS5 TBX2 PLN REN ASPN","AOC3 PLN LDB3 SLIT3 SYNPO2 3.2 (vascular SMC-like) but pericyte 3.48 > SMC 2.22, FOXL2 3.2: GREY mural/theca-like"
Cluster-34,Macrophages,state,4661,0.004,"top3 (log2 enrichment over median cluster): Macrophage 2.49, Neutrophil 2.23, Smooth muscle 0.91; margin12 0.26; other family Smooth muscle 0.91 (margin 1.58, 9% cells other-dominant, 31% adjacent, adj/non-adj x1.03); sub: Mac interstitial:1.44; cycling 0.3983; depth 1993; top genes HMMR* FCGBP TNFRSF11A CDCA2* RRM2* UHRF1* TOP2A* MKI67* TREM2 ASPM CLEC5A AURKA*",cycling macrophages (TREM2 + MKI67 TOP2A)
Cluster-35,Plasma cells,lineage,4624,0.004,"top3 (log2 enrichment over median cluster): Plasma 3.9, B cell 2.34, Mullerian epithelium (PAX8) 0.65; margin12 1.56; other family Mullerian epithelium (PAX8) 0.65 (margin 3.25, 6% cells other-dominant, 14% adjacent, adj/non-adj x1.14); sub: -; cycling 0.0771; depth 291; top genes MZB1 IRF4 FCRL5 CD19 POU2AF1 CD79A FCRL2 DERL3 TNFRSF17 TENT5C CD79B MS4A1","MZB1 5.0 TNFRSF17 2.8 with CD19 2.9 MS4A1 1.6: B/plasma mixture, B cells not a separate cluster"
Cluster-36,T/NK cells,state,2073,0.0018,"top3 (log2 enrichment over median cluster): T cell 4.12, NK 1.17, Plasma 0.98; margin12 2.95; other family Macrophage 0.45 (margin 3.67, 5% cells other-dominant, 70% adjacent, adj/non-adj x1.83); sub: -; cycling 0.4304; depth 1525; top genes CXCL13 GZMB GZMA ITGAE ICOS CD2 CTLA4 CD247 CXCR3 TIGIT ASPM CD3E",cycling CXCL13+ exhausted CD8
Cluster-37,T/NK cells,mixed,564,0.0005,"top3 (log2 enrichment over median cluster): T cell 3.83, Endothelial 3.55, Lymphatic EC 2.34; margin12 0.28; other family Endothelial 3.55 (margin 0.28, 41% cells other-dominant, 88% adjacent, adj/non-adj x1.12); sub: -; cycling 0.1014; depth 1102; top genes S1PR5 GZMH FGFBP2 KDR S1PR1 APLNR TBX21 PRF1 CX3CR1 KLRD1 ADGRL4 CST7","circulating effector NK/CTL (S1PR5 FGFBP2 TBX21 CX3CR1) + EC (KDR APLNR): EC 3.55 within 0.28 | auto-flags: margin,bimodal"
Cluster-38,Endothelial cells,state,538,0.0005,"top3 (log2 enrichment over median cluster): Endothelial 2.84, Pericyte 2.15, Lymphatic EC 1.79; margin12 0.69; other family Pericyte 2.15 (margin 0.69, 30% cells other-dominant, 56% adjacent, adj/non-adj x1.11); sub: EC tip/angiogenic:3.31 EC arterial:1.55 Lymphatic:1.23; cycling 0.1284; depth 2090; top genes KDR ESM1 ADGRL4 GABRD APLN BCL6B PGF NES NOTCH4 CDH5 CLEC14A CD34",tip/angiogenic EC (ESM1 KDR APLN PGF) | auto-flags: margin
Unassigned,Unassigned,lineage,76,0.0001,"graphclust NaN, folded onto Unassigned by the loader",
